name;fuji astia-like (hires)
description;fuji astia-like colorchecker (49 patches)
num_gray;24
patch;L_source;a_source;b_source;L_reference;a_reference;b_reference
A01;17.583770751953125;10.023697853088379;-0.58001279830932617;14.514335632324219;16.852825164794922;1.7297148704528809
A02;18.426223754882812;18.510936737060547;1.93442702293396;19.153484344482422;30.911714553833008;10.139614105224609
A03;19.533298492431641;25.818630218505859;4.475557804107666;24.150241851806641;40.746524810791016;16.010826110839844
A04;20.26318359375;26.708885192871094;4.6683549880981445;25.853656768798828;42.668342590332031;16.184818267822266
A05;33.989833831787109;13.588756561279297;-0.41177272796630859;45.715652465820312;23.319602966308594;-0.51153898239135742
A06;34.326442718505859;25.212600708007812;3.5642385482788086;47.457618713378906;41.246921539306641;7.0428848266601562
A07;35.193099975585938;36.386280059814453;7.4091553688049316;49.715934753417969;54.625659942626953;10.381960868835449
A08;36.020599365234375;50.97955322265625;11.640066146850586;52.042449951171875;68.905174255371094;9.8674535751342773
A09;60.55194091796875;7.8049001693725586;-3.0579805374145508;79.001274108886719;6.5834226608276367;-2.8925538063049316
A10;60.78656005859375;12.994885444641113;-1.399540901184082;79.351852416992188;11.303156852722168;-0.90051889419555664
A11;60.886299133300781;18.973827362060547;0.71039199829101562;79.456451416015625;17.1025390625;1.1327862739562988
A12;60.9232177734375;24.740070343017578;1.9801855087280273;79.556419372558594;21.769731521606445;1.4683127403259277
A13;80.542755126953125;-0.86826086044311523;-5.1001429557800293;94.501388549804688;-0.91037154197692871;-3.5180926322937012
A14;79.302810668945312;4.4462976455688477;-6.3562154769897461;93.801597595214844;2.265632152557373;-4.0298819541931152
A15;81.773757934570312;0.99673867225646973;-3.5477638244628906;94.987266540527344;0.20498037338256836;-2.0614743232727051
A16;80.664924621582031;1.9324123859405518;-5.3851842880249023;94.1544189453125;1.2278556823730469;-3.7786960601806641
A17;81.69366455078125;1.5432238578796387;-3.2203078269958496;94.44110107421875;1.0107457637786865;-2.2977709770202637
A18;82.313858032226562;0.6987452507019043;-3.4162402153015137;94.786796569824219;0.15652179718017578;-2.0556211471557617
A19;78.87890625;1.7837584018707275;-8.3704357147216797;92.782829284667969;0.13148784637451172;-5.8321356773376465
A20;14.892593383789062;5.7766885757446289;-1.1924028396606445;8.9659690856933594;8.73248291015625;-1.0441333055496216
A21;21.738170623779297;21.447837829589844;9.6923055648803711;25.025814056396484;37.836238861083984;24.317533493041992
A22;27.947906494140625;35.040779113769531;18.667251586914062;38.298587799072266;55.627094268798828;37.227790832519531
B01;17.389369964599609;8.0527667999267578;2.5317668914794922;13.605743408203125;14.83491039276123;6.8556280136108398
B02;18.321784973144531;14.306798934936523;6.9991884231567383;17.542484283447266;26.467069625854492;17.007881164550781
B03;19.522193908691406;19.697532653808594;10.808467864990234;21.981063842773438;35.000888824462891;25.336784362792969
B04;20.022747039794922;21.134658813476562;11.510091781616211;23.534523010253906;37.315189361572266;27.120965957641602
B05;34.244529724121094;13.840913772583008;6.7026557922363281;45.716945648193359;24.860441207885742;14.296895027160645
B06;34.668621063232422;23.427516937255859;14.909791946411133;47.483203887939453;39.701072692871094;29.308437347412109
B07;35.139476776123047;34.901393890380859;23.452163696289062;49.024253845214844;54.838657379150391;38.740261077880859
B08;36.060569763183594;47.647834777832031;30.702173233032227;51.289421081542969;67.354408264160156;41.590839385986328
B09;60.649032592773438;7.2004795074462891;0.034761428833007812;79.233078002929688;6.2028465270996094;0.62758922576904297
B10;60.859962463378906;12.092441558837891;4.6646714210510254;79.239501953125;11.210023880004883;5.3380250930786133
B11;61.001800537109375;16.735284805297852;9.5405216217041016;79.108451843261719;16.003816604614258;9.6182460784912109
B12;61.099807739257812;22.179126739501953;13.35911750793457;79.204704284667969;20.622640609741211;14.100217819213867
B13;78.502593994140625;-4.6726465225219727;-7.8163504600524902;93.53118896484375;-4.1646957397460938;-5.1536202430725098
B14;76.722885131835938;8.2486867904663086;-8.9269161224365234;92.641609191894531;4.7712621688842773;-6.1516761779785156
B15;80.758804321289062;0.11071562767028809;4.4484496116638184;94.068702697753906;-0.35580992698669434;2.6401400566101074
B16;73.316932678222656;2.0111501216888428;-5.1831722259521484;89.296058654785156;1.5599727630615234;-4.9531102180480957
B17;76.057899475097656;8.0826578140258789;-1.2346148490905762;91.246315002441406;4.8075017929077148;-0.5597233772277832
B18;78.546539306640625;-5.6034622192382812;0.64070224761962891;92.203636169433594;-4.3688416481018066;0.56375265121459961
B19;74.880416870117188;2.7845203876495361;-12.964558601379395;90.420181274414062;0.19168853759765625;-9.8272085189819336
B20;17.83544921875;12.21013069152832;3.9321005344390869;15.832155227661133;22.295907974243164;11.075377464294434
B21;25.844436645507812;31.079887390136719;16.329448699951172;34.74444580078125;51.163478851318359;34.736865997314453
B22;50.814208984375;20.357936859130859;14.306449890136719;66.371208190917969;23.189723968505859;18.784069061279297
C01;21.248321533203125;5.2267313003540039;4.5298457145690918;19.853569030761719;11.89286994934082;9.937042236328125
C02;21.653411865234375;7.5110197067260742;10.063582420349121;21.501823425292969;16.331777572631836;21.477741241455078
C03;22.342033386230469;10.177969932556152;15.010577201843262;23.878059387207031;23.161993026733398;30.157146453857422
C04;23.074771881103516;10.255426406860352;15.389919281005859;25.468177795410156;23.513153076171875;31.446447372436523
C05;47.061557769775391;8.6897010803222656;12.844949722290039;63.974266052246094;10.904908180236816;20.813251495361328
C06;47.466442108154297;15.553325653076172;29.056781768798828;64.161956787109375;19.818395614624023;45.041229248046875
C07;47.667179107666016;22.186637878417969;44.489425659179688;64.286033630371094;28.704761505126953;62.377071380615234
C08;47.55535888671875;25.909423828125;51.895149230957031;64.270156860351562;33.237308502197266;66.953140258789062
C09;65.3963623046875;4.9320755004882812;3.6812901496887207;83.145904541015625;4.4440627098083496;3.7765979766845703
C10;65.465339660644531;7.7380537986755371;12.01220703125;82.88800048828125;7.900238037109375;12.110746383666992
C11;65.319931030273438;11.328965187072754;19.599544525146484;82.512550354003906;10.415196418762207;19.787014007568359
C12;65.788139343261719;13.938158988952637;26.946903228759766;82.802719116210938;12.495547294616699;27.841341018676758
C13;75.738006591796875;-8.9906749725341797;-11.49146556854248;91.695053100585938;-8.9861154556274414;-8.9908838272094727
C14;72.432785034179688;14.51084041595459;-13.094699859619141;90.130851745605469;9.5697040557861328;-9.6720218658447266
C15;79.478759765625;-0.32117962837219238;12.283599853515625;93.302970886230469;-0.46071410179138184;9.9269628524780273
C16;66.149406433105469;2.2823214530944824;-5.0226926803588867;83.53076171875;2.2146999835968018;-5.1833868026733398
C17;70.828971862792969;13.604700088500977;1.9272089004516602;86.99652099609375;11.601180076599121;1.8013477325439453
C18;74.805595397949219;-10.671079635620117;4.7142863273620605;89.3671875;-9.8630189895629883;4.9935102462768555
C19;68.376609802246094;4.2113661766052246;-20.065509796142578;85.740753173828125;1.7125904560089111;-18.360019683837891
C20;15.856998443603516;6.1158838272094727;0.97105503082275391;10.821378707885742;10.610982894897461;3.6548614501953125
C21;43.583995819091797;28.111488342285156;24.675643920898438;57.641960144042969;39.50628662109375;37.358867645263672
C22;56.420639038085938;14.941215515136719;11.549150466918945;72.636955261230469;14.501094818115234;13.361656188964844
D01;20.994552612304688;1.7153620719909668;4.4745626449584961;19.181221008300781;4.1721463203430176;10.039007186889648
D02;21.344139099121094;1.0674148797988892;9.8760967254638672;19.618690490722656;5.0287542343139648;19.186529159545898
D03;22.590850830078125;0.47582387924194336;15.183424949645996;22.3651123046875;4.381284236907959;27.989658355712891
D04;23.370132446289062;0.39365887641906738;15.448040008544922;24.070327758789062;4.6679677963256836;29.185789108276367
D05;51.440589904785156;1.0262727737426758;12.972557067871094;69.25531005859375;1.0868608951568604;19.282413482666016
D06;51.968742370605469;-0.46905875205993652;29.715459823608398;69.388328552246094;-1.2801587581634521;46.089935302734375
D07;51.656028747558594;-1.816481351852417;45.648036956787109;69.455863952636719;-1.8675327301025391;66.586921691894531
D08;51.59234619140625;-3.7121772766113281;59.451000213623047;70.132186889648438;-3.9033591747283936;71.486656188964844
D09;69.612197875976562;1.5337765216827393;4.331052303314209;86.798919677734375;1.5979409217834473;4.1516304016113281
D10;69.574180603027344;0.5079805850982666;13.703680038452148;86.204330444335938;1.2051761150360107;13.277387619018555
D11;70.077842712402344;-0.10079145431518555;22.872638702392578;86.357940673828125;0.39964914321899414;23.39630126953125
D12;70.248123168945312;-2.3644864559173584;48.062526702880859;86.079498291015625;-2.4522840976715088;51.880252838134766
D13;72.759719848632812;-12.993753433227539;-15.51368236541748;89.830551147460938;-12.750178337097168;-13.931822776794434
D14;68.018959045410156;20.814090728759766;-17.059398651123047;87.105110168457031;15.289485931396484;-15.211832046508789
D15;78.071647644042969;-0.51364302635192871;20.715213775634766;92.134880065917969;-0.65287947654724121;18.570114135742188
D16;58.952590942382812;1.8637478351593018;-4.5566558837890625;77.660003662109375;1.2794733047485352;-4.371488094329834
D17;65.735267639160156;18.819690704345703;5.5136203765869141;83.165885925292969;16.072957992553711;5.6409478187561035
D18;70.577133178710938;-15.568674087524414;8.7210416793823242;85.852653503417969;-13.68910026550293;8.3136081695556641
D19;61.640007019042969;5.7092008590698242;-27.058088302612305;81.053237915039062;2.31972336769104;-26.172029495239258
D20;34.913215637207031;22.850736618041992;19.288938522338867;46.649604797363281;39.916187286376953;36.979454040527344
D21;46.953052520751953;8.0222787857055664;8.5894641876220703;62.604232788085938;11.085391044616699;13.696885108947754
D22;59.975143432617188;10.460227966308594;12.229097366333008;75.931900024414062;10.389447212219238;13.374829292297363
E01;21.200107574462891;-1.7190128564834595;4.5548858642578125;19.106178283691406;-2.9183626174926758;8.9375200271606445
E02;21.343269348144531;-4.9697012901306152;9.6777801513671875;19.349391937255859;-8.1586542129516602;19.384792327880859
E03;22.795333862304688;-9.1019268035888672;15.201979637145996;22.222454071044922;-15.201076507568359;27.42219352722168
E04;23.431976318359375;-9.2068614959716797;15.204787254333496;23.994804382324219;-15.897750854492188;28.65460205078125
E05;38.3779296875;-3.6981701850891113;7.877957820892334;51.776626586914062;-5.9421958923339844;15.702486038208008
E06;38.933113098144531;-10.224834442138672;19.019126892089844;52.233146667480469;-17.028450012207031;37.843852996826172
E07;38.922359466552734;-16.235530853271484;28.862279891967773;52.340415954589844;-26.943386077880859;51.784961700439453
E08;39.072345733642578;-22.199943542480469;37.066024780273438;53.102462768554688;-35.919219970703125;54.900096893310547
E09;60.82196044921875;-1.9549727439880371;2.5082111358642578;79.391738891601562;-1.4661550521850586;2.3576259613037109
E10;60.809783935546875;-5.3296685218811035;9.3802690505981445;79.118110656738281;-4.7313570976257324;10.615682601928711
E11;61.141220092773438;-9.1757478713989258;15.912687301635742;78.914337158203125;-8.3927516937255859;17.417716979980469
E12;61.509750366210938;-18.687932968139648;33.84912109375;78.860733032226562;-20.44624137878418;43.790351867675781
E13;69.721656799316406;-16.382335662841797;-19.23060417175293;87.839797973632812;-17.422794342041016;-18.535160064697266
E14;63.227676391601562;27.587949752807617;-20.938814163208008;83.929656982421875;21.888256072998047;-19.169271469116211
E15;76.437126159667969;-0.01430511474609375;29.420614242553711;90.809455871582031;-0.65129995346069336;27.009714126586914
E16;51.973899841308594;2.082526683807373;-3.6451816558837891;71.170257568359375;1.7676949501037598;-4.0500283241271973
E17;60.561698913574219;24.16810417175293;9.5636005401611328;78.653938293457031;22.34271240234375;9.5328092575073242
E18;66.295173645019531;-19.744932174682617;13.285923004150391;82.029731750488281;-18.659353256225586;12.815725326538086
E19;54.868515014648438;7.9585609436035156;-33.693695068359375;75.920814514160156;3.5037100315093994;-33.942234039306641
E20;42.918598175048828;35.794647216796875;41.659420013427734;57.120323181152344;49.683391571044922;56.897789001464844
E21;39.665676116943359;18.731891632080078;28.115118026733398;52.368804931640625;31.879871368408203;48.596675872802734
E22;51.419235229492188;18.809587478637695;25.816047668457031;66.897331237792969;20.612775802612305;36.611591339111328
F01;13.509479522705078;-2.7148871421813965;-0.9926140308380127;6.4940567016601562;-3.3403561115264893;-0.94655156135559082
F02;14.162090301513672;-7.4735879898071289;1.0214686393737793;7.4104537963867188;-7.6856389045715332;1.6060829162597656
F03;15.606851577758789;-11.310033798217773;2.3712515830993652;10.382219314575195;-14.26685619354248;5.9904932975769043
F04;16.634143829345703;-12.022405624389648;2.5381147861480713;12.396633148193359;-16.027263641357422;7.0492029190063477
F05;30.095493316650391;-6.8920702934265137;0.059473514556884766;38.30377197265625;-13.04823112487793;-0.16639828681945801
F06;30.367630004882812;-15.604212760925293;3.3503115177154541;39.168060302734375;-27.451156616210938;7.0738077163696289
F07;30.847793579101562;-22.947921752929688;6.2600555419921875;40.912757873535156;-35.727264404296875;14.371603965759277
F08;31.634952545166016;-29.213964462280273;9.7976627349853516;43.383228302001953;-40.411354064941406;23.187982559204102
F09;60.397018432617188;-2.324223518371582;-3.4956812858581543;79.575035095214844;-2.4944543838500977;-3.6907434463500977
F10;60.451019287109375;-6.9875717163085938;-1.4579296112060547;79.384086608886719;-7.2436928749084473;-1.6331672668457031
F11;61.00299072265625;-11.542588233947754;0.51410198211669922;79.591293334960938;-11.265575408935547;-0.25763511657714844
F12;61.585525512695312;-24.255126953125;5.4082155227661133;79.369873046875;-26.045352935791016;3.0618786811828613
F13;66.699256896972656;-19.100458145141602;-23.052549362182617;85.543136596679688;-22.523344039916992;-22.260248184204102
F14;58.561012268066406;34.251510620117188;-24.494684219360352;80.414459228515625;28.605430603027344;-24.452316284179688
F15;75.11334228515625;0.54630637168884277;36.996078491210938;89.880058288574219;-0.35229325294494629;35.939632415771484
F16;45.276653289794922;2.4385154247283936;-3.9753556251525879;63.521842956542969;2.8370022773742676;-5.4584622383117676
F17;55.920005798339844;29.268383026123047;12.347412109375;74.445915222167969;28.069168090820312;12.514316558837891
F18;62.288070678710938;-23.319452285766602;16.304470062255859;78.557144165039062;-24.632572174072266;18.271636962890625
F19;47.997421264648438;10.641992568969727;-40.031112670898438;70.287368774414062;3.6311745643615723;-42.951023101806641
F20;50.452499389648438;8.7705249786376953;14.161216735839844;67.199226379394531;10.228157043457031;20.996391296386719
F21;55.4150390625;14.586716651916504;25.291282653808594;71.792869567871094;14.971613883972168;32.765625
F22;59.325340270996094;12.174635887145996;19.865476608276367;75.265487670898438;11.492461204528809;23.607944488525391
G01;16.848667144775391;-4.149958610534668;-4.2518911361694336;12.397777557373047;-5.455873966217041;-7.9566507339477539
G02;17.396915435791016;-9.3544273376464844;-5.742800235748291;14.755289077758789;-10.475002288818359;-9.6291360855102539
G03;18.816696166992188;-13.208627700805664;-7.1920452117919922;18.796318054199219;-12.252942085266113;-12.801218032836914
G04;20.016555786132812;-13.997703552246094;-7.2816190719604492;21.710891723632812;-13.510778427124023;-13.474392890930176
G05;33.861968994140625;-6.7946763038635254;-5.5847764015197754;46.167186737060547;-11.986226081848145;-11.47463321685791
G06;34.415317535400391;-14.520465850830078;-7.7525019645690918;48.469444274902344;-22.743343353271484;-16.656040191650391
G07;34.762962341308594;-21.757081985473633;-9.3071756362915039;50.867118835449219;-26.783853530883789;-18.915641784667969
G08;35.427509307861328;-27.036384582519531;-11.802959442138672;53.764007568359375;-26.144922256469727;-22.930313110351562
G09;60.508399963378906;-3.1813979148864746;-5.5446743965148926;79.868942260742188;-3.544926643371582;-6.2092423439025879
G10;60.495338439941406;-8.0187911987304688;-6.7537188529968262;80.026115417480469;-8.8051261901855469;-7.6999545097351074
G11;60.619682312011719;-12.43928050994873;-7.7618122100830078;79.901443481445312;-13.187021255493164;-9.6161603927612305
G12;61.206924438476562;-24.73956298828125;-11.235809326171875;80.017974853515625;-28.500139236450195;-16.934894561767578
G13;63.309555053710938;-21.361827850341797;-26.985132217407227;82.925193786621094;-28.955698013305664;-26.377355575561523
G14;53.615890502929688;41.083694458007812;-27.834331512451172;76.700279235839844;34.797996520996094;-28.006671905517578
G15;73.6263427734375;1.6496777534484863;45.012069702148438;88.676437377929688;1.1961758136749268;44.604873657226562
G16;38.421913146972656;2.373173713684082;-3.8290023803710938;53.62176513671875;3.5811364650726318;-6.7507386207580566
G17;51.266105651855469;34.648239135742188;15.808606147766113;69.184677124023438;37.522911071777344;15.566909790039062
G18;57.991905212402344;-26.760219573974609;19.552946090698242;74.279144287109375;-32.108127593994141;23.696147918701172
G19;40.873359680175781;13.820364952087402;-46.303073883056641;63.642311096191406;5.7207345962524414;-54.728744506835938
G20;58.121871948242188;8.7256135940551758;20.627010345458984;74.799079895019531;8.5626840591430664;24.667728424072266
G21;57.474685668945312;8.7148246765136719;32.509552001953125;73.489234924316406;8.4737539291381836;42.776573181152344
G22;63.825630187988281;11.851608276367188;71.679603576660156;79.241325378417969;9.8804531097412109;77.477104187011719
H01;16.450759887695312;-1.8002986907958984;-8.5499048233032227;12.649637222290039;-0.28446316719055176;-17.262973785400391
H02;16.699111938476562;-4.9926786422729492;-14.024662971496582;15.782453536987305;0.17087161540985107;-26.876825332641602
H03;17.490535736083984;-7.3692502975463867;-19.063686370849609;20.015495300292969;2.9878914356231689;-35.723770141601562
H04;18.876384735107422;-8.0708713531494141;-20.929664611816406;24.008270263671875;3.652468204498291;-40.10205078125
H05;33.517364501953125;-3.0278265476226807;-11.893129348754883;46.8165283203125;-5.4888429641723633;-23.742664337158203
H06;33.611003875732422;-8.4767189025878906;-19.119852066040039;49.44921875;-11.738836288452148;-36.40753173828125
H07;33.538608551025391;-12.569978713989258;-27.58375358581543;53.161407470703125;-9.5248222351074219;-48.372684478759766
H08;33.872585296630859;-15.546441078186035;-36.457054138183594;57.192794799804688;-7.1954727172851562;-55.226921081542969
H09;59.956718444824219;-1.455157995223999;-9.7329730987548828;80.077171325683594;-3.2212436199188232;-9.8024730682373047
H10;60.031089782714844;-4.5982599258422852;-13.469171524047852;80.05462646484375;-5.3130388259887695;-14.561200141906738
H11;60.24945068359375;-7.7252683639526367;-18.204475402832031;80.710777282714844;-9.8766384124755859;-19.406843185424805
H12;60.263236999511719;-14.492214202880859;-29.151212692260742;80.908157348632812;-21.126985549926758;-29.362630844116211
H13;60.103904724121094;-22.85894775390625;-30.413448333740234;80.788192749023438;-33.804416656494141;-29.738880157470703
H14;48.885772705078125;47.606498718261719;-30.8018798828125;72.522689819335938;41.996212005615234;-33.711467742919922
H15;72.112037658691406;2.9733479022979736;53.253047943115234;87.404266357421875;1.1999309062957764;54.468845367431641
H16;31.993148803710938;2.6455669403076172;-3.2410204410552979;42.876541137695312;4.6648683547973633;-6.1922907829284668
H17;46.875179290771484;39.39813232421875;19.653886795043945;63.785865783691406;47.655521392822266;21.267436981201172
H18;53.787200927734375;-29.393821716308594;22.91053581237793;70.316062927246094;-40.652336120605469;33.509220123291016
H19;33.781211853027344;18.032073974609375;-52.165317535400391;56.150863647460938;11.985898017883301;-67.970893859863281
H20;62.52655029296875;3.2327473163604736;26.539575576782227;78.423576354980469;2.7735233306884766;30.224454879760742
H21;56.251922607421875;2.0139515399932861;6.2310576438903809;73.209007263183594;1.6689598560333252;7.2210311889648438
H22;61.176231384277344;-4.0263833999633789;33.219303131103516;76.344802856445312;-4.2487978935241699;42.521572113037109
I01;20.018764495849609;3.1858682632446289;-13.136750221252441;20.973419189453125;5.8375744819641113;-27.32154655456543
I02;19.612289428710938;4.2137203216552734;-23.254055023193359;24.122634887695312;11.507839202880859;-45.603309631347656
I03;19.383171081542969;5.3099246025085449;-33.156913757324219;28.924407958984375;17.612590789794922;-60.307167053222656
I04;18.566799163818359;8.2317295074462891;-50.834102630615234;37.261039733886719;27.07280158996582;-78.987815856933594
I05;37.428867340087891;3.3496320247650146;-11.63613224029541;53.259292602539062;4.2788686752319336;-21.045028686523438
I06;37.505260467529297;3.736644983291626;-20.106929779052734;55.146171569824219;3.4819543361663818;-33.306156158447266
I07;37.249046325683594;4.410430908203125;-28.325616836547852;56.630950927734375;2.267688512802124;-43.387889862060547
I08;36.028316497802734;6.2504558563232422;-49.763877868652344;60.793426513671875;-3.6911666393280029;-60.899604797363281
I09;60.078201293945312;2.3746788501739502;-9.2574234008789062;80.125999450683594;1.317143440246582;-8.9301700592041016
I10;60.11077880859375;2.5352835655212402;-12.986146926879883;80.645980834960938;0.65013766288757324;-12.485098838806152
I11;59.751693725585938;3.4056007862091064;-18.120824813842773;80.601509094238281;1.51863694190979;-18.747901916503906
I12;59.683464050292969;3.8595199584960938;-27.440071105957031;81.260002136230469;0.73829293251037598;-27.403783798217773
I13;56.724411010742188;-23.979305267333984;-33.682846069335938;79.483146667480469;-35.547317504882812;-31.778167724609375
I14;43.998027801513672;54.185955047607422;-33.290435791015625;67.868125915527344;51.460414886474609;-38.907230377197266
I15;70.605621337890625;4.4461784362792969;61.495315551757812;86.339645385742188;2.6860237121582031;65.067169189453125
I16;25.610080718994141;2.7242004871368408;-3.1053900718688965;30.971164703369141;5.3330211639404297;-6.4369258880615234
I17;42.670692443847656;43.729751586914062;23.177051544189453;58.7755126953125;57.385208129882812;27.258634567260742
I18;49.453605651855469;-31.78587532043457;25.616901397705078;65.7987060546875;-47.910480499267578;41.5367431640625
I19;26.545864105224609;23.15770149230957;-57.942642211914062;48.560066223144531;21.617948532104492;-80.341461181640625
I20;65.054542541503906;-4.8028826713562012;29.850864410400391;80.558784484863281;-4.4761896133422852;33.993137359619141
I21;40.358882904052734;-15.367895126342773;25.493324279785156;52.197784423828125;-24.844705581665039;47.711254119873047
I22;59.920539855957031;-18.573968887329102;17.312122344970703;75.054061889648438;-20.356863021850586;21.115695953369141
J01;11.821779251098633;7.6630411148071289;-12.746977806091309;6.7380447387695312;10.25889778137207;-20.783687591552734
J02;11.425554275512695;12.726053237915039;-23.086393356323242;10.033767700195312;20.886116027832031;-40.631393432617188
J03;10.791471481323242;18.452241897583008;-35.005985260009766;15.327672958374023;30.224918365478516;-58.732925415039062
J04;5.9132499694824219;41.264266967773438;-70.00518798828125;29.346843719482422;47.846302032470703;-92.502174377441406
J05;33.146270751953125;6.8547873497009277;-11.451077461242676;46.423526763916016;11.038482666015625;-21.98225212097168
J06;33.050537109375;11.242151260375977;-19.85551643371582;48.694015502929688;15.756845474243164;-34.896434783935547
J07;32.775390625;15.527799606323242;-28.318679809570312;50.399299621582031;20.813226699829102;-46.802436828613281
J08;30.707447052001953;27.625411987304688;-51.699161529541016;53.696998596191406;25.413364410400391;-69.527145385742188
J09;59.963981628417969;4.1240453720092773;-9.3697662353515625;80.236419677734375;2.9210448265075684;-8.8768367767333984
J10;59.782699584960938;6.8214235305786133;-13.294374465942383;80.426094055175781;5.3628683090209961;-13.14544677734375
J11;59.844680786132812;8.8887214660644531;-17.272233963012695;80.926673889160156;6.5703392028808594;-16.997623443603516
J12;59.364860534667969;13.716816902160645;-26.173854827880859;81.360122680664062;9.2639331817626953;-24.853683471679688
J13;53.297409057617188;-24.362266540527344;-36.711036682128906;76.193832397460938;-30.747772216796875;-36.815357208251953
J14;39.369594573974609;59.750156402587891;-34.977001190185547;63.190071105957031;62.136768341064453;-45.941375732421875
J15;68.990013122558594;6.3553752899169922;69.888900756835938;85.299308776855469;4.3650569915771484;74.229576110839844
J16;19.636421203613281;2.6428847312927246;-2.6501476764678955;19.014225006103516;4.8371553421020508;-5.5581150054931641
J17;38.78173828125;47.235191345214844;26.466094970703125;54.53155517578125;65.658149719238281;33.810031890869141
J18;45.055812835693359;-33.406795501708984;28.054840087890625;61.122512817382812;-53.012458801269531;50.08111572265625
J19;19.150650024414062;29.877588272094727;-63.511310577392578;41.304481506347656;34.533397674560547;-90.432395935058594
J20;60.908012390136719;-18.082708358764648;10.329591751098633;77.016883850097656;-18.636167526245117;10.465658187866211
J21;31.122585296630859;-24.792179107666016;21.86082649230957;37.734531402587891;-38.70452880859375;39.801067352294922
J22;17.229484558105469;-8.2487468719482422;3.2691061496734619;11.089630126953125;-11.229269027709961;5.5208773612976074
K01;19.841625213623047;12.668564796447754;-10.387086868286133;21.036296844482422;21.146625518798828;-19.970733642578125
K02;19.43084716796875;24.068222045898438;-18.068235397338867;25.061992645263672;36.887168884277344;-32.407463073730469
K03;19.125835418701172;35.416095733642578;-26.185005187988281;30.007167816162109;49.219459533691406;-43.997879028320312
K04;19.46685791015625;42.699260711669922;-30.458206176757812;33.914566040039062;55.937259674072266;-50.392162322998047
K05;37.33441162109375;11.801778793334961;-10.43376350402832;53.515838623046875;17.089546203613281;-17.845226287841797
K06;37.100269317626953;21.281003952026367;-16.952169418334961;55.126060485839844;29.635101318359375;-27.567470550537109
K07;37.038158416748047;31.159103393554688;-23.910200119018555;57.087730407714844;39.529861450195312;-35.173236846923828
K08;35.999309539794922;54.598869323730469;-39.248680114746094;59.851493835449219;58.279426574707031;-51.4332275390625
K09;59.877616882324219;7.5218973159790039;-8.3922023773193359;79.944129943847656;5.8461132049560547;-8.2422494888305664
K10;59.511070251464844;12.690126419067383;-12.639689445495605;80.29443359375;9.7831783294677734;-12.366604804992676
K11;59.634544372558594;18.529891967773438;-16.237842559814453;80.769866943359375;15.03908634185791;-16.004096984863281
K12;59.580856323242188;28.45182991027832;-23.486495971679688;81.518524169921875;22.504447937011719;-22.099411010742188
K13;49.602340698242188;-23.819892883300781;-39.387954711914062;74.351455688476562;-27.971416473388672;-39.654586791992188
K14;35.357917785644531;63.936920166015625;-35.677349090576172;58.941139221191406;70.153144836425781;-50.916492462158203
K15;67.163742065429688;8.360743522644043;77.5552978515625;84.135055541992188;5.1773786544799805;80.295303344726562
K16;14.505945205688477;2.0868926048278809;-2.1220505237579346;9.3018856048583984;3.7465691566467285;-3.7716178894042969
K17;35.240180969238281;49.463375091552734;29.147838592529297;50.906753540039062;69.662246704101562;39.871509552001953
K18;40.396892547607422;-34.268589019775391;29.740840911865234;55.139717102050781;-52.810459136962891;52.600406646728516
K19;12.275838851928711;37.7200927734375;-68.138671875;35.170364379882812;44.316558837890625;-94.8602294921875
K20;19.640789031982422;-5.6567339897155762;1.145559549331665;16.683444976806641;-10.152682304382324;2.6788651943206787
K21;15.667688369750977;-4.1220483779907227;-2.658689022064209;9.7529296875;-5.8466715812683105;-4.1525630950927734
K22;16.81536865234375;-3.618433952331543;-9.2368965148925781;13.076705932617188;-2.7049481868743896;-17.443061828613281
L01;15.897729873657227;12.015417098999023;-4.5471010208129883;12.958234786987305;19.125640869140625;-6.3635768890380859
L02;15.934518814086914;21.844104766845703;-5.4465236663818359;17.352546691894531;32.391651153564453;-4.2023420333862305
L03;16.953346252441406;29.652267456054688;-5.637204647064209;22.55694580078125;41.422218322753906;-1.1103808879852295
L04;18.056514739990234;31.120553970336914;-6.2898993492126465;25.146686553955078;44.373748779296875;-3.6681652069091797
L05;33.030788421630859;14.55540943145752;-5.191349983215332;45.934276580810547;24.288833618164062;-9.7866535186767578
L06;33.163242340087891;27.746318817138672;-7.2198209762573242;48.373611450195312;43.431819915771484;-13.521075248718262
L07;33.584667205810547;41.328029632568359;-8.8982105255126953;50.975898742675781;58.640987396240234;-18.594419479370117
L08;34.066898345947266;56.357742309570312;-9.7941455841064453;53.669105529785156;72.902053833007812;-23.829078674316406
L09;59.720497131347656;8.5371437072753906;-5.4112792015075684;79.539802551269531;7.056891918182373;-5.5504798889160156
L10;59.610466003417969;14.456689834594727;-7.1648836135864258;79.751434326171875;13.196915626525879;-7.7116727828979492
L11;59.98968505859375;19.717008590698242;-7.1179389953613281;80.2318115234375;17.950742721557617;-7.6323270797729492
L12;59.7568359375;27.181417465209961;-8.6013908386230469;80.321380615234375;23.455799102783203;-8.6017608642578125
L13;45.097030639648438;-21.95988655090332;-42.0638427734375;71.534713745117188;-23.603708267211914;-44.019149780273438
L14;31.265941619873047;67.236465454101562;-35.499755859375;55.130348205566406;76.767562866210938;-53.700374603271484
L15;64.302719116210938;10.734587669372559;84.619590759277344;82.053756713867188;8.4114665985107422;82.06134033203125
L16;9.8055057525634766;1.3593584299087524;-1.8868148326873779;3.442596435546875;1.2554898262023926;-2.0635604858398438
L17;31.394943237304688;50.625205993652344;29.657585144042969;47.292530059814453;70.231918334960938;42.430992126464844
L18;34.411056518554688;-33.197490692138672;28.873603820800781;45.70538330078125;-47.098888397216797;48.108078002929688
L19;5.7959709167480469;45.558788299560547;-70.440170288085938;28.392524719238281;49.128681182861328;-92.769500732421875
L20;10.65907096862793;0.65712630748748779;-3.9531736373901367;3.8151988983154297;0.18464028835296631;-3.2357959747314453
L21;11.515565872192383;2.9373617172241211;-4.4200954437255859;4.4944171905517578;2.390101432800293;-4.5879364013671875
L22;14.525083541870117;8.6092500686645508;-2.9290556907653809;8.8629322052001953;12.978776931762695;-3.3685207366943359
HDR00;100;0;0;100;0;0
HDR01;200;0;0;200;0;0
GS00;79.686607360839844;1.0569989681243896;-3.3875584602355957;92.417869567871094;0.43189525604248047;-2.5796771049499512
GS01;74.757499694824219;1.849055290222168;-4.9066543579101562;89.152450561523438;1.4201998710632324;-4.5927166938781738
GS02;71.206321716308594;1.9778311252593994;-4.5057415962219238;86.723564147949219;1.6057491302490234;-4.1534423828125
GS03;67.57647705078125;2.1509528160095215;-4.5657038688659668;84.302947998046875;1.4386177062988281;-3.8756608963012695
GS04;63.797576904296875;1.9397735595703125;-4.8075318336486816;81.405052185058594;1.6521215438842773;-4.9261927604675293
GS05;60.481307983398438;2.0002126693725586;-4.2352199554443359;78.881004333496094;1.5219151973724365;-3.9837241172790527
GS06;56.96575927734375;2.2887289524078369;-4.1860222816467285;76.069389343261719;1.4960765838623047;-3.9263129234313965
GS07;53.319374084472656;1.9949674606323242;-3.8783550262451172;72.689956665039062;1.5064477920532227;-3.9694309234619141
GS08;49.654266357421875;1.9742250442504883;-3.7734508514404297;69.054489135742188;1.5794038772583008;-4.0504932403564453
GS09;46.180515289306641;1.9998252391815186;-3.406679630279541;64.921150207519531;2.1789669990539551;-4.3120503425598145
GS10;42.765457153320312;1.9092261791229248;-3.6665201187133789;60.361625671386719;2.4752318859100342;-5.7242631912231445
GS11;39.218860626220703;2.4228692054748535;-3.6137819290161133;55.163337707519531;3.2674670219421387;-6.2289595603942871
GS12;35.944549560546875;2.387568473815918;-3.3176004886627197;49.969398498535156;3.3320784568786621;-5.7100176811218262
GS13;32.767375946044922;2.3649632930755615;-3.2225430011749268;44.312786102294922;3.9810538291931152;-5.8809399604797363
GS14;29.312812805175781;2.5274605751037598;-2.9628634452819824;37.76214599609375;4.4853687286376953;-6.046051025390625
GS15;26.354438781738281;2.5389642715454102;-2.6530265808105469;31.749534606933594;5.1608829498291016;-5.465632438659668
GS16;23.071983337402344;2.4665892124176025;-2.8795719146728516;25.29620361328125;4.8572421073913574;-6.2483968734741211
GS17;19.932899475097656;2.5656371116638184;-2.9811859130859375;18.747451782226562;4.8308820724487305;-6.2365531921386719
GS18;16.949100494384766;2.1075904369354248;-2.6853978633880615;12.571252822875977;4.3083057403564453;-5.4355173110961914
GS19;14.262674331665039;2.0611584186553955;-2.442401647567749;7.6160373687744141;2.9574558734893799;-4.3667435646057129
GS20;11.801799774169922;1.7274916172027588;-2.1938860416412354;4.6105251312255859;1.5272200107574463;-2.5547325611114502
GS21;10.910015106201172;1.5686750411987305;-2.3046195507049561;3.6867866516113281;1.2733340263366699;-2.3277788162231445
GS22;10.182178497314453;1.3131946325302124;-2.0071446895599365;3.083984375;1.1620297431945801;-2.0162196159362793
GS23;9.2424564361572266;-0.082090497016906738;-2.7574806213378906;2.5700435638427734;0.081278383731842041;-1.3997286558151245
