name;fuji classic chrome-like
description;fuji classic chrome-like colorchecker
num_gray;24
patch;L_source;a_source;b_source;L_reference;a_reference;b_reference
A01;22.222446441650391;13.185798645019531;0.61055421829223633;21.650993347167969;17.481296539306641;3.6237239837646484
A02;23.004188537597656;24.160787582397461;4.1896286010742188;26.924308776855469;32.398895263671875;11.966914176940918
A03;24.301109313964844;33.593132019042969;7.4078202247619629;32.702510833740234;43.260200500488281;18.899070739746094
A04;25.210216522216797;34.535259246826172;7.7939691543579102;34.688545227050781;44.767066955566406;19.315832138061523
A05;42.513160705566406;17.039150238037109;1.265794038772583;59.553047180175781;21.23841667175293;3.4530043601989746
A06;42.938194274902344;31.26329231262207;6.0803771018981934;61.109375;34.156173706054688;9.2134952545166016
A07;44.033920288085938;44.690547943115234;10.904574394226074;62.921478271484375;44.114143371582031;12.399232864379883
A08;45.109592437744141;62.400936126708984;16.060131072998047;64.217422485351562;55.216819763183594;15.272068977355957
A09;74.270523071289062;9.9842548370361328;-1.4029741287231445;92.080245971679688;4.8992929458618164;-0.42318105697631836
A10;74.492141723632812;16.255855560302734;0.57393312454223633;92.722976684570312;7.6033172607421875;1.5539288520812988
A11;74.693954467773438;23.393810272216797;3.0460715293884277;92.641891479492188;9.4684362411499023;1.9482612609863281
A12;74.865982055664062;30.240804672241211;4.8276782035827637;92.064620971679688;10.749310493469238;1.9401073455810547
A13;97.440986633300781;0.33366680145263672;-3.6614537239074707;99.871566772460938;-0.58406591415405273;0.010371208190917969
A14;96.008773803710938;6.4981279373168945;-4.8660874366760254;99.638870239257812;0.01570582389831543;-0.0095009803771972656
A15;98.740676879882812;2.5660991668701172;-1.7168045043945312;99.998779296875;-0.0010430812835693359;0.0039339065551757812
A16;97.461662292480469;3.6727488040924072;-3.8997888565063477;99.660293579101562;0;-1.1920928955078125e-05
A17;98.636207580566406;3.1721591949462891;-1.3286471366882324;99.933914184570312;0.0098049640655517578;-0.0057578086853027344
A18;99.34844970703125;2.2667646408081055;-1.5324711799621582;99.991859436035156;-0.00095367431640625;-0.0003337860107421875
A19;95.36236572265625;3.2264888286590576;-7.172691822052002;99.067451477050781;0.26226043701171875;-0.95877647399902344
A20;17.460945129394531;8.4928874969482422;-0.023579597473144531;12.775590896606445;9.9026861190795898;2.102783203125
A21;26.878498077392578;27.94782829284668;14.991056442260742;34.355865478515625;40.559051513671875;24.899810791015625
A22;34.900054931640625;43.8824462890625;26.443553924560547;48.3526611328125;53.712814331054688;36.469924926757812
B01;21.881351470947266;10.515764236450195;4.6017112731933594;20.046733856201172;15.424773216247559;7.9235434532165527
B02;22.777801513671875;18.913402557373047;11.294150352478027;24.372020721435547;28.040260314941406;16.645574569702148
B03;24.301605224609375;25.922880172729492;16.66191291809082;29.887718200683594;38.200767517089844;25.294769287109375
B04;24.846813201904297;27.77741813659668;17.472135543823242;31.766613006591797;40.565818786621094;27.36137580871582
B05;42.801887512207031;17.476737976074219;9.9858465194702148;59.201522827148438;22.785663604736328;14.223313331604004
B06;43.347827911376953;29.17864990234375;20.179611206054688;60.391891479492188;35.018833160400391;26.339853286743164
B07;43.955947875976562;43.073417663574219;30.902338027954102;61.26019287109375;46.228767395019531;36.382980346679688
B08;45.161144256591797;58.307914733886719;40.457271575927734;62.536216735839844;55.58013916015625;41.487236022949219
B09;74.276290893554688;9.3342962265014648;2.1665573120117188;92.2357177734375;4.888981819152832;1.874840259552002
B10;74.566436767578125;15.087514877319336;7.7759027481079102;92.472343444824219;8.3709354400634766;5.2138447761535645
B11;74.751678466796875;20.718723297119141;13.413227081298828;92.085853576660156;9.2560348510742188;6.9227933883666992
B12;74.891754150390625;27.315914154052734;18.023883819580078;91.265083312988281;9.4383659362792969;8.8266010284423828
B13;94.938697814941406;-4.2501688003540039;-6.8754196166992188;98.957038879394531;-3.1605660915374756;-1.6193032264709473
B14;92.840087890625;10.867654800415039;-7.939445972442627;98.843437194824219;2.2149980068206787;-1.6679644584655762
B15;97.446556091308594;1.6218721866607666;7.3669195175170898;99.816513061523438;-0.99858641624450684;2.311098575592041
B16;88.90625;3.2566189765930176;-3.507387638092041;98.271247863769531;0.5047917366027832;-1.0300993919372559
B17;92.116127014160156;10.604232788085938;1.0770320892333984;98.558944702148438;1.2786686420440674;0.89970827102661133
B18;94.838859558105469;-5.3160786628723145;2.9707074165344238;99.168220520019531;-2.2602081298828125;1.3034820556640625
B19;90.678550720214844;4.1790008544921875;-12.510049819946289;97.841201782226562;-0.35688281059265137;-2.7730822563171387
B20;21.692604064941406;16.723676681518555;7.3905587196350098;22.577293395996094;24.220794677734375;12.464314460754395
B21;32.18853759765625;39.174972534179688;23.309671401977539;44.911411285400391;51.417739868164062;34.296791076660156
B22;62.531227111816406;24.966419219970703;19.262432098388672;80.816932678222656;17.735450744628906;15.787017822265625
C01;27.063667297363281;6.6397786140441895;6.8534793853759766;28.321998596191406;12.262805938720703;10.18499755859375
C02;26.967411041259766;9.7924175262451172;14.569652557373047;28.928714752197266;19.53495979309082;19.277603149414062
C03;27.807651519775391;13.397828102111816;22.291421890258789;31.603328704833984;26.310354232788086;28.296148300170898
C04;28.746006011962891;13.509154319763184;22.603506088256836;33.88348388671875;26.69200325012207;29.482995986938477
C05;58.285430908203125;11.01359748840332;17.3736572265625;77.631683349609375;10.66461181640625;15.92872142791748
C06;58.716011047363281;19.412666320800781;36.944210052490234;77.416282653808594;16.311227798461914;36.4283447265625
C07;59.038887023925781;27.371406555175781;56.458587646484375;77.196235656738281;21.875799179077148;54.755973815917969
C08;58.882637023925781;31.723617553710938;66.28912353515625;76.943000793457031;24.849235534667969;61.482704162597656
C09;79.892120361328125;6.7286195755004883;6.6520333290100098;95.331253051757812;3.3702254295349121;3.3325314521789551
C10;79.971046447753906;10.02657413482666;16.442012786865234;95.061416625976562;4.3177008628845215;7.8203916549682617
C11;79.759803771972656;14.406293869018555;25.301658630371094;94.170036315917969;3.9166510105133057;12.056886672973633
C12;80.287788391113281;17.522871017456055;33.926010131835938;93.841255187988281;3.2007098197937012;17.129384994506836
C13;91.639053344726562;-9.5589160919189453;-11.237895965576172;97.830703735351562;-6.8499746322631836;-1.891779899597168
C14;87.858779907226562;17.903120040893555;-12.538492202758789;97.937400817871094;3.4890174865722656;-2.9839873313903809
C15;95.950775146484375;1.0570883750915527;16.499746322631836;99.494308471679688;-1.5911459922790527;5.7987213134765625
C16;80.519828796386719;3.2549500465393066;-3.470313549041748;95.465621948242188;0.76153874397277832;-1.1091351509094238
C17;86.038764953613281;16.904026031494141;4.9144387245178223;96.865432739257812;3.3709108829498291;1.7305135726928711
C18;90.507469177246094;-11.55260181427002;7.738339900970459;98.112167358398438;-5.3865013122558594;3.2915949821472168
C19;83.094703674316406;5.4188070297241211;-20.742738723754883;95.719253540039062;0.020772218704223633;-5.903935432434082
C20;18.933284759521484;8.8226642608642578;3.136211633682251;15.478273391723633;11.528804779052734;5.1672606468200684
C21;53.936111450195312;34.451812744140625;31.949621200561523;71.873497009277344;29.608011245727539;32.5362548828125
C22;69.154266357421875;18.39008903503418;16.144514083862305;86.588157653808594;11.774778366088867;10.821878433227539
D01;26.814285278320312;2.0990967750549316;6.3928723335266113;27.116008758544922;5.0821900367736816;8.1783771514892578
D02;26.718280792236328;1.5628784894943237;14.125776290893555;26.310024261474609;7.2539749145507812;16.813087463378906
D03;28.036300659179688;0.86551904678344727;22.253274917602539;28.626533508300781;8.4286327362060547;24.662929534912109
D04;29.098663330078125;0.70787966251373291;22.817171096801758;30.874412536621094;8.277073860168457;26.555973052978516
D05;63.317420959472656;1.9228458404541016;17.450380325317383;81.95965576171875;3.0557811260223389;13.675296783447266
D06;63.9798583984375;0.34540891647338867;37.420688629150391;81.601028442382812;2.5779902935028076;33.325397491455078
D07;63.644203186035156;-1.314699649810791;57.369636535644531;80.606269836425781;0.5944371223449707;56.1295166015625
D08;63.466598510742188;-3.5427510738372803;75.075439453125;80.036941528320312;-0.49087405204772949;70.634765625
D09;84.711380004882812;2.6649832725524902;7.4571490287780762;97.651779174804688;1.6581118106842041;3.76129150390625
D10;84.81005859375;1.6173124313354492;18.331384658813477;97.273651123046875;0.97799301147460938;7.5957655906677246
D11;85.098846435546875;1.049041748046875;28.928554534912109;97.108680725097656;-0.79974532127380371;13.403463363647461
D12;85.396583557128906;-1.5083551406860352;58.637691497802734;95.769271850585938;-3.9033591747283936;32.452190399169922
D13;88.058158874511719;-14.689326286315918;-15.816152572631836;96.576263427734375;-11.233270645141602;-4.2646288871765137
D14;82.781303405761719;25.116235733032227;-17.01655387878418;96.699974060058594;5.7378711700439453;-4.2992591857910156
D15;94.293067932128906;0.92613697052001953;26.266456604003906;99.341194152832031;-2.1723806858062744;9.7452754974365234
D16;71.981857299804688;2.8637945652008057;-3.0997991561889648;90.813392639160156;0.67380070686340332;-1.0911822319030762
D17;80.071533203125;23.106395721435547;9.0257053375244141;94.750389099121094;5.8600006103515625;4.1823625564575195
D18;85.500251770019531;-17.504125595092773;12.368022918701172;95.973426818847656;-8.1229801177978516;4.6569466590881348
D19;75.128265380859375;6.8196353912353516;-28.938091278076172;93.033538818359375;-2.0101368427276611;-9.808624267578125
D20;43.381229400634766;28.272598266601562;25.893926620483398;59.5615234375;35.254150390625;33.109874725341797
D21;57.797889709472656;10.193824768066406;12.271202087402344;76.877670288085938;9.3828144073486328;11.1729736328125
D22;73.27630615234375;13.241470336914062;16.763805389404297;89.411849975585938;8.5996990203857422;9.669769287109375
E01;27.021484375;-2.1154136657714844;6.297457218170166;26.685623168945312;-1.5957504510879517;8.0329532623291016
E02;26.798065185546875;-6.2239022254943848;13.654947280883789;24.871067047119141;-5.4756550788879395;14.93324089050293
E03;28.252388000488281;-11.5445556640625;21.932977676391602;26.391036987304688;-12.36461067199707;23.286872863769531
E04;29.061119079589844;-11.570363998413086;22.288698196411133;28.514053344726562;-12.873530387878418;24.24464225769043
E05;47.576950073242188;-3.9322078227996826;11.283451080322266;64.434158325195312;-3.165125846862793;12.791955947875977
E06;48.154228210449219;-11.821866035461426;24.776340484619141;63.271102905273438;-11.630147933959961;30.316459655761719
E07;48.173301696777344;-19.226192474365234;37.306575775146484;61.807792663574219;-22.15507698059082;45.198951721191406
E08;48.312957763671875;-26.465534210205078;48.008327484130859;60.621253967285156;-32.528251647949219;54.526573181152344
E09;74.408187866210938;-1.657634973526001;5.2959322929382324;92.21112060546875;-1.1331439018249512;2.8164863586425781
E10;74.33099365234375;-5.6501626968383789;13.147174835205078;91.410133361816406;-2.3531913757324219;6.7953109741210938
E11;74.626258850097656;-10.115265846252441;20.581352233886719;90.932174682617188;-4.5920906066894531;11.685371398925781
E12;75.03961181640625;-21.316438674926758;41.862045288085938;89.24615478515625;-12.267083168029785;28.327274322509766
E13;84.555870056152344;-18.921792984008789;-20.393239974975586;94.995162963867188;-16.398399353027344;-6.0468196868896484
E14;77.249061584472656;32.972396850585938;-21.56214714050293;95.027847290039062;9.2245044708251953;-7.222902774810791
E15;92.476448059082031;1.2587904930114746;36.573230743408203;98.793601989746094;-3.3695995807647705;14.798915863037109
E16;63.72381591796875;3.0584335327148438;-2.2821784019470215;84.340652465820312;2.0450353622436523;-1.220250129699707
E17;74.050674438476562;29.385030746459961;13.709664344787598;91.166366577148438;10.448545455932617;6.1194419860839844
E18;80.415092468261719;-22.522777557373047;17.463493347167969;93.020553588867188;-12.696713447570801;7.9786777496337891
E19;67.098884582519531;9.320765495300293;-36.81951904296875;89.10546875;-2.7021169662475586;-15.624916076660156
E20;53.175498962402344;43.655307769775391;53.904998779296875;70.385231018066406;38.143337249755859;52.16241455078125
E21;49.111373901367188;23.247600555419922;36.537342071533203;65.83868408203125;26.894210815429688;42.241264343261719
E22;63.169830322265625;23.308664321899414;32.930683135986328;80.750595092773438;17.902135848999023;27.786064147949219
F01;17.155803680419922;-4.2347164154052734;-0.58300495147705078;10.019247055053711;-4.6642050743103027;-0.65526664257049561
F02;17.464801788330078;-10.824948310852051;2.5627791881561279;9.5751819610595703;-9.0590639114379883;2.406135082244873
F03;18.835922241210938;-16.024738311767578;4.7610044479370117;11.634838104248047;-14.234095573425293;6.005394458770752
F04;19.99627685546875;-16.970947265625;5.1259756088256836;13.505477905273438;-15.627406120300293;6.3270120620727539
F05;37.293224334716797;-8.2930927276611328;1.6131579875946045;47.833114624023438;-12.47432804107666;1.6173958778381348
F06;37.662906646728516;-19.311592102050781;5.6722164154052734;47.015148162841797;-28.878896713256836;7.4093937873840332
F07;38.189273834228516;-28.616546630859375;9.217524528503418;47.228569030761719;-37.882907867431641;13.354325294494629
F08;39.050483703613281;-36.598102569580078;13.378787040710449;48.599014282226562;-42.3946533203125;20.471786499023438
F09;73.727699279785156;-2.2744536399841309;-1.7540335655212402;92.198577880859375;-1.9216537475585938;-0.84768533706665039
F10;73.832237243652344;-7.807314395904541;0.42346715927124023;91.716110229492188;-4.6257076263427734;0.25160312652587891
F11;74.408416748046875;-13.106643676757812;2.5941967964172363;91.724197387695312;-8.9393854141235352;1.1038541793823242
F12;74.940322875976562;-28.290122985839844;8.3372354507446289;89.774581909179688;-21.333812713623047;2.0628929138183594
F13;80.919120788574219;-22.382169723510742;-24.823665618896484;93.162384033203125;-23.721515655517578;-8.0923318862915039
F14;71.682891845703125;40.787040710449219;-25.714338302612305;93.01397705078125;12.799739837646484;-10.188126564025879
F15;90.918258666992188;1.9772648811340332;45.402717590332031;98.274101257324219;-3.82956862449646;20.146142959594727
F16;55.787620544433594;3.3639967441558838;-2.5998234748840332;77.361015319824219;2.4347305297851562;-1.5220284461975098
F17;68.567680358886719;35.546630859375;16.916538238525391;87.344985961914062;15.959798812866211;8.76617431640625
F18;75.677574157714844;-26.995330810546875;20.898616790771484;89.278671264648438;-17.978727340698242;10.811758041381836
F19;58.959136962890625;12.292593955993652;-44.302688598632812;83.620201110839844;-3.3849775791168213;-22.395969390869141
F20;61.896102905273438;11.138319969177246;19.008804321289062;80.972549438476562;9.4532670974731445;15.737485885620117
F21;67.852409362792969;18.200069427490234;32.259223937988281;85.130622863769531;12.744545936584473;23.636817932128906
F22;72.489517211914062;15.363990783691406;25.815582275390625;88.70263671875;10.11219596862793;16.764259338378906
G01;21.8526611328125;-5.584373950958252;-4.483342170715332;18.585155487060547;-7.4320287704467773;-5.0445613861083984
G02;22.077892303466797;-12.21741771697998;-6.2715530395507812;19.808906555175781;-13.512596130371094;-5.9093594551086426
G03;23.357757568359375;-17.747507095336914;-8.0011787414550781;23.179527282714844;-16.587287902832031;-7.8091144561767578
G04;24.561820983886719;-18.761188507080078;-8.0413703918457031;25.548233032226562;-17.514303207397461;-8.5797367095947266
G05;41.978717803955078;-8.1371364593505859;-5.0878405570983887;57.395256042480469;-13.898551940917969;-6.7674875259399414
G06;42.563213348388672;-17.736152648925781;-7.9826951026916504;57.979469299316406;-28.180271148681641;-9.8551034927368164
G07;42.865455627441406;-26.972040176391602;-9.94921875;58.928932189941406;-35.530326843261719;-9.7362518310546875
G08;43.634452819824219;-33.656463623046875;-12.964761734008789;61.279953002929688;-36.344467163085938;-11.473369598388672
G09;73.794013977050781;-3.1973719596862793;-4.4008016586303711;92.3350830078125;-2.5618076324462891;-2.1209359169006348
G10;73.682998657226562;-9.0121927261352539;-5.9095144271850586;91.850624084472656;-6.9361028671264648;-3.2457113265991211
G11;73.878555297851562;-14.402121543884277;-7.0509433746337891;91.581886291503906;-11.888861656188965;-4.3086528778076172
G12;74.540367126464844;-29.153972625732422;-11.267971992492676;89.439582824707031;-29.382347106933594;-8.7896585464477539
G13;76.932510375976562;-25.437801361083984;-29.481208801269531;90.586593627929688;-33.017158508300781;-11.642289161682129
G14;65.978187561035156;48.834980010986328;-29.648172378540039;90.624267578125;17.586856842041016;-13.381028175354004
G15;89.183441162109375;3.1709372997283936;54.829002380371094;97.336662292480469;-4.523158073425293;27.184045791625977
G16;47.460262298583984;3.3082067966461182;-2.7876496315002441;67.68780517578125;3.5955607891082764;-2.5739550590515137
G17;63.062675476074219;41.720954895019531;21.237087249755859;82.959579467773438;22.652090072631836;13.942682266235352
G18;70.520790100097656;-31.140357971191406;24.591468811035156;84.544883728027344;-25.411903381347656;15.100038528442383
G19;50.404899597167969;15.769988059997559;-51.941967010498047;76.696220397949219;-6.2032642364501953;-29.360830307006836
G20;70.935714721679688;11.173545837402344;26.509498596191406;88.00262451171875;8.1578493118286133;17.845558166503906
G21;70.173004150390625;11.313735961914062;40.572704315185547;86.312118530273438;8.3633956909179688;30.604934692382812
G22;77.78826904296875;15.059500694274902;88.354469299316406;88.533271789550781;2.1575391292572021;66.153297424316406
H01;22.003089904785156;-2.3587198257446289;-9.2737140655517578;20.507240295410156;-4.5086145401000977;-11.341995239257812
H02;21.739982604980469;-6.355717658996582;-15.987396240234375;22.414127349853516;-7.711514949798584;-18.471956253051758
H03;22.031105041503906;-9.9472408294677734;-22.470796585083008;25.683158874511719;-7.7328085899353027;-25.152408599853516
H04;23.293289184570312;-11.010869979858398;-24.942905426025391;29.446102142333984;-8.454218864440918;-28.056407928466797
H05;41.707199096679688;-3.5829842090606689;-12.604272842407227;58.77484130859375;-9.5471439361572266;-14.437997817993164
H06;41.661579132080078;-10.478824615478516;-21.361148834228516;59.822486877441406;-22.439182281494141;-21.695577621459961
H07;41.420665740966797;-15.84950065612793;-31.646871566772461;61.635635375976562;-28.149246215820312;-26.600301742553711
H08;41.603721618652344;-19.903287887573242;-42.176498413085938;65.178962707519531;-28.51799201965332;-29.953718185424805
H09;73.1895751953125;-1.2771487236022949;-9.0545892715454102;92.356353759765625;-2.1478831768035889;-4.4780135154724121
H10;73.20703125;-4.9448909759521484;-13.758743286132812;92.195236206054688;-5.4961738586425781;-6.7497372627258301
H11;73.458572387695312;-8.9559555053710938;-19.114625930786133;92.027107238769531;-9.7137689590454102;-9.755396842956543
H12;73.339134216308594;-17.160861968994141;-32.033370971679688;90.222434997558594;-24.345815658569336;-12.977719306945801
H13;73.128227233886719;-27.53773307800293;-33.556427001953125;88.191062927246094;-41.18084716796875;-15.087020874023438
H14;60.380828857421875;56.557804107666016;-33.016849517822266;87.468589782714844;23.515880584716797;-16.005302429199219
H15;87.458938598632812;4.7689080238342285;64.742721557617188;96.306419372558594;-5.6053104400634766;36.008750915527344
H16;39.610614776611328;3.5959184169769287;-2.1848678588867188;55.761199951171875;4.8576889038085938;-2.4669528007507324
H17;57.825721740722656;47.666252136230469;25.872016906738281;77.910247802734375;30.840009689331055;19.004226684570312
H18;65.535751342773438;-34.484058380126953;28.592073440551758;79.463111877441406;-34.451873779296875;21.785223007202148
H19;41.761268615722656;20.913272857666016;-59.471870422363281;68.539932250976562;-7.0626440048217773;-38.227115631103516
H20;76.070747375488281;4.7686996459960938;33.434604644775391;91.242874145507812;4.1847825050354004;20.821798324584961
H21;68.645004272460938;3.0603706836700439;9.5750093460083008;86.388442993164062;3.4385025501251221;6.1561107635498047
H22;74.502906799316406;-3.687053918838501;41.285167694091797;88.466804504394531;-0.62492489814758301;28.751718521118164
I01;26.702732086181641;3.8231463432312012;-14.259374618530273;31.59112548828125;0.90435147285461426;-17.474407196044922
I02;25.896205902099609;4.9062519073486328;-26.359695434570312;33.953403472900391;-0.48337876796722412;-31.186002731323242
I03;24.941127777099609;6.1179251670837402;-38.529617309570312;37.204143524169922;-1.0747015476226807;-41.884952545166016
I04;23.378719329833984;8.9956674575805664;-60.003669738769531;44.404232025146484;-1.4416277408599854;-51.415420532226562
I05;46.592060089111328;4.33477783203125;-12.204826354980469;67.313827514648438;1.2599527835845947;-10.976576805114746
I06;46.591693878173828;4.6759247779846191;-22.06169319152832;68.781768798828125;-2.1982192993164062;-18.554389953613281
I07;46.180095672607422;5.3165555000305176;-31.846868515014648;69.481224060058594;-6.8714618682861328;-24.733983993530273
I08;44.551628112792969;6.6801605224609375;-57.008872985839844;70.915107727050781;-21.896808624267578;-36.099006652832031
I09;73.331321716308594;3.3803880214691162;-8.5114364624023438;92.890579223632812;0.27599930763244629;-3.8482546806335449
I10;73.378082275390625;3.4535229206085205;-12.97001838684082;93.07745361328125;-0.17455220222473145;-5.7956218719482422
I11;72.936737060546875;4.4757423400878906;-18.974102020263672;92.891670227050781;-0.16507506370544434;-8.6106891632080078
I12;72.8271484375;4.7198238372802734;-29.577075958251953;92.871955871582031;-3.4791529178619385;-9.7538948059082031
I13;68.988777160644531;-28.899997711181641;-37.681697845458984;86.135223388671875;-46.450553894042969;-16.493808746337891
I14;54.519683837890625;64.346160888671875;-36.199687957763672;83.43426513671875;31.794578552246094;-18.316316604614258
I15;85.665992736816406;6.5733790397644043;74.515846252441406;95.107429504394531;-6.1301889419555664;47.417976379394531
I16;31.696624755859375;3.7990808486938477;-2.1565258502960205;41.330394744873047;5.4301023483276367;-2.6078701019287109
I17;52.831802368164062;53.020687103271484;30.360090255737305;72.658699035644531;40.03021240234375;26.903379440307617
I18;60.359893798828125;-37.602603912353516;32.034366607666016;73.841629028320312;-44.318229675292969;30.498767852783203
I19;32.811820983886719;27.258634567260742;-66.917709350585938;59.610427856445312;-5.5893955230712891;-47.501670837402344
I20;78.985343933105469;-4.60943603515625;37.229442596435547;92.526145935058594;-0.79545378684997559;22.409772872924805
I21;49.573013305664062;-17.946035385131836;32.614017486572266;62.6160888671875;-19.859165191650391;38.807998657226562
I22;72.809417724609375;-21.271139144897461;22.186874389648438;86.572731018066406;-13.97731876373291;13.650250434875488
J01;17.364692687988281;8.9841785430908203;-13.660085678100586;15.250520706176758;6.2751917839050293;-13.657373428344727
J02;16.513923645019531;14.958545684814453;-25.879156112670898;18.372524261474609;10.734304428100586;-28.526872634887695
J03;14.833705902099609;22.483453750610352;-40.85498046875;22.163181304931641;14.690264701843262;-43.492847442626953
J04;6.7825393676757812;54.825664520263672;-85.691574096679688;34.14263916015625;17.452075958251953;-65.165397644042969
J05;41.609325408935547;8.4931106567382812;-12.016958236694336;60.645942687988281;7.5320901870727539;-11.844658851623535
J06;41.486564636230469;13.475597381591797;-21.689056396484375;63.086090087890625;9.2051324844360352;-20.271564483642578
J07;40.974624633789062;18.809541702270508;-31.928544998168945;64.865692138671875;9.9615154266357422;-26.157283782958984
J08;38.427032470703125;32.675876617431641;-59.058170318603516;67.610633850097656;6.7851839065551758;-38.658287048339844
J09;73.334190368652344;5.4856834411621094;-8.6183786392211914;93.104972839355469;1.405179500579834;-3.7155747413635254
J10;73.077445983886719;8.5234050750732422;-13.315402984619141;93.180618286132812;2.7107596397399902;-5.3151607513427734
J11;73.187232971191406;10.891288757324219;-17.74247932434082;93.574562072753906;3.1869709491729736;-7.5815081596374512
J12;72.624290466308594;16.438453674316406;-27.857637405395508;93.624908447265625;3.7010908126831055;-9.0715045928955078
J13;64.924949645996094;-29.506742477416992;-41.407680511474609;84.335502624511719;-44.952125549316406;-19.384693145751953
J14;49.061935424804688;71.204750061035156;-38.378334045410156;78.862579345703125;40.089935302734375;-22.178863525390625
J15;83.803192138671875;8.6594524383544922;84.526611328125;93.75433349609375;-6.0660243034362793;59.715854644775391
J16;24.106136322021484;3.7218184471130371;-1.7133712768554688;26.513015747070312;5.0322265625;-1.6347050666809082
J17;48.182479858398438;57.389766693115234;34.654201507568359;67.27801513671875;49.997657775878906;34.537029266357422
J18;55.119720458984375;-39.879978179931641;35.116977691650391;67.90533447265625;-52.006454467773438;39.3660888671875
J19;23.39691162109375;36.476776123046875;-74.805206298828125;49.828697204589844;1.6462802886962891;-57.13092041015625
J20;73.975318908691406;-20.7862548828125;14.057826995849609;88.551651000976562;-14.025002479553223;7.3015213012695312
J21;38.241676330566406;-30.527935028076172;28.866619110107422;42.556629180908203;-39.041282653808594;34.840488433837891
J22;20.483737945556641;-11.175409317016602;6.3124775886535645;13.577732086181641;-10.969474792480469;5.4969997406005859
K01;26.978832244873047;14.950126647949219;-10.558682441711426;33.696731567382812;18.429637908935547;-11.208295822143555
K02;26.367393493652344;28.751001358032227;-19.720691680908203;38.212802886962891;31.463682174682617;-19.751953125
K03;25.695232391357422;42.300819396972656;-29.012722015380859;42.672897338867188;42.103588104248047;-28.445507049560547
K04;25.683769226074219;51.386104583740234;-34.343475341796875;46.268089294433594;47.652423858642578;-31.774402618408203
K05;46.898578643798828;14.395534515380859;-10.381913185119629;68.690040588378906;12.424975395202637;-8.796381950378418
K06;46.513275146484375;25.879024505615234;-18.141578674316406;70.725364685058594;20.742298126220703;-13.407635688781738
K07;46.447490692138672;37.558494567871094;-26.162624359130859;72.780120849609375;26.690572738647461;-18.506431579589844
K08;45.255313873291016;64.951362609863281;-43.646003723144531;75.704307556152344;37.342189788818359;-25.952613830566406
K09;73.400314331054688;9.4458160400390625;-7.4894905090332031;93.337318420410156;3.7292838096618652;-2.8994441032409668
K10;72.841995239257812;15.495509147644043;-12.505173683166504;93.553413391113281;6.1137676239013672;-4.5277833938598633
K11;73.115669250488281;22.229343414306641;-16.387224197387695;94.162345886230469;9.8019542694091797;-6.4982771873474121
K12;73.002052307128906;33.893821716308594;-24.612808227539062;94.267974853515625;10.769277572631836;-8.3125476837158203
K13;60.59765625;-29.03944206237793;-44.786201477050781;82.206214904785156;-42.427330017089844;-21.995639801025391
K14;44.328598022460938;76.330604553222656;-39.2847900390625;74.192970275878906;46.047359466552734;-25.297296524047852
K15;81.689651489257812;10.967433929443359;94.410751342773438;92.156936645507812;-4.253089427947998;69.364593505859375
K16;17.47552490234375;3.2138376235961914;-1.0757863521575928;13.462869644165039;3.3647418022155762;-0.25147199630737305
K17;43.977828979492188;60.247421264648438;38.291484832763672;62.144401550292969;57.735950469970703;39.575786590576172
K18;49.519363403320312;-41.128829956054688;37.181198120117188;60.89935302734375;-54.042903900146484;45.267932891845703
K19;14.125225067138672;48.722164154052734;-82.314971923828125;41.035083770751953;10.750680923461914;-63.111400604248047
K20;23.947750091552734;-7.1181802749633789;3.1139373779296875;21.574764251708984;-9.1786231994628906;3.8046002388000488
K21;18.439334869384766;-5.3441972732543945;-2.2891581058502197;12.738908767700195;-6.1663165092468262;-2.014315128326416
K22;20.016933441162109;-5.0172510147094727;-10.684453964233398;17.085205078125;-6.6739616394042969;-11.549639701843262
L01;22.393398284912109;14.154807090759277;-3.9672195911407471;23.785442352294922;17.813056945800781;-1.8307924270629883
L02;22.389373779296875;25.940746307373047;-4.9020171165466309;28.362911224365234;31.872241973876953;0.10418891906738281
L03;23.358814239501953;35.4271240234375;-4.9682736396789551;33.851097106933594;42.557640075683594;3.0054807662963867
L04;24.360923767089844;37.539569854736328;-5.6792678833007812;36.565757751464844;45.420856475830078;1.568305492401123
L05;41.958797454833984;17.804325103759766;-4.429173469543457;61.187835693359375;20.127386093139648;-3.6831974983215332
L06;42.083087921142578;33.558219909667969;-6.6171407699584961;63.797157287597656;33.057151794433594;-5.0981879234313965
L07;42.614826202392578;49.624832153320312;-8.4104652404785156;65.83697509765625;44.393390655517578;-7.8100681304931641
L08;43.217170715332031;67.457977294921875;-9.244049072265625;67.19842529296875;54.522098541259766;-10.079633712768555
L09;73.280815124511719;10.65656566619873;-4.0312886238098145;92.839859008789062;5.4527521133422852;-1.7348170280456543
L10;73.054130554199219;17.665922164916992;-6.0975313186645508;93.443382263183594;8.3325204849243164;-2.0194649696350098
L11;73.590972900390625;23.919551849365234;-5.9738993644714355;93.636253356933594;9.4574394226074219;-3.0292868614196777
L12;73.344436645507812;32.483818054199219;-7.3083639144897461;93.139083862304688;10.531246185302734;-3.6984443664550781
L13;55.373794555664062;-26.951997756958008;-47.926139831542969;78.916900634765625;-38.621009826660156;-25.681602478027344
L14;39.665809631347656;79.850181579589844;-38.761989593505859;68.691299438476562;54.298252105712891;-28.986299514770508
L15;78.517692565917969;13.700366020202637;103.63471221923828;90.279151916503906;-1.8104612827301025;76.391281127929688
L16;11.196453094482422;2.3788585662841797;-0.71105360984802246;4.5229701995849609;1.0121986865997314;0.004145503044128418
L17;39.48779296875;61.633720397949219;39.415802001953125;57.030899047851562;63.324184417724609;43.150295257568359
L18;42.4910888671875;-40.342868804931641;37.006938934326172;50.474205017089844;-48.999622344970703;44.816612243652344
L19;4.5886936187744141;64.384757995605469;-88.388191223144531;32.459522247314453;20.068630218505859;-66.506309509277344
L20;11.735738754272461;1.2861043214797974;-3.8947761058807373;4.8446102142333984;0.24034082889556885;-2.3756563663482666
L21;12.924533843994141;4.6165509223937988;-4.4962019920349121;6.3507957458496094;3.1543745994567871;-2.8656423091888428
L22;17.225101470947266;12.186676025390625;-1.9055783748626709;13.860782623291016;13.312458992004395;0.8880317211151123
HDR00;100;0;0;100;0;0
HDR01;200;0;0;200;0;0
GS00;96.92547607421875;2.2042989730834961;-1.4853358268737793;99.399612426757812;0.0070929527282714844;0.0030875205993652344
GS01;91.37701416015625;3.0948519706726074;-3.3849954605102539;98.4248046875;0.28082728385925293;-0.96552371978759766
GS02;87.271919250488281;3.0632615089416504;-2.9070854187011719;97.445907592773438;0.39893388748168945;-1.0012626647949219
GS03;82.985145568847656;3.1712949275970459;-3.014528751373291;96.023696899414062;0.93868374824523926;-1.1590123176574707
GS04;78.398422241210938;2.9159486293792725;-3.415989875793457;94.346855163574219;0.26667118072509766;-0.96960067749023438
GS05;74.44476318359375;3.0204951763153076;-2.854001522064209;92.0736083984375;1.0870099067687988;-1.2092947959899902
GS06;70.202560424804688;3.2946467399597168;-2.8443813323974609;89.388153076171875;1.1362731456756592;-1.22222900390625
GS07;65.970703125;2.9182136058807373;-2.595055103302002;86.2486572265625;1.1287927627563477;-1.2300968170166016
GS08;61.686561584472656;2.827078104019165;-2.3645758628845215;82.835670471191406;1.1414289474487305;-1.2407779693603516
GS09;57.573493957519531;2.7757883071899414;-2.0104050636291504;79.055259704589844;2.3014545440673828;-1.346898078918457
GS10;53.428138732910156;2.7081668376922607;-2.5626540184020996;75.045455932617188;1.6295015811920166;-1.3780951499938965
GS11;49.2822265625;3.2492280006408691;-2.5748729705810547;70.225936889648438;3.3045709133148193;-2.5837063789367676
GS12;45.334751129150391;3.2064318656921387;-2.1834731101989746;64.935638427734375;3.3781826496124268;-2.2770047187805176
GS13;41.553726196289062;3.2126307487487793;-2.3148179054260254;58.952857971191406;3.6824345588684082;-2.7311205863952637
GS14;37.408805847167969;3.3928303718566895;-2.025294303894043;51.625320434570312;4.8225221633911133;-2.5463223457336426
GS15;33.789840698242188;3.4070312976837158;-1.7177879810333252;44.74664306640625;4.6196579933166504;-1.6471624374389648
GS16;29.793426513671875;3.3177435398101807;-2.0093023777008057;36.847457885742188;4.5222640037536621;-2.4244785308837891
GS17;25.965061187744141;3.3925919532775879;-2.0926773548126221;28.989631652832031;4.8220157623291016;-2.9286086559295654
GS18;22.198997497558594;2.9175429344177246;-1.8951117992401123;21.267444610595703;3.52923583984375;-1.7199337482452393
GS19;18.690338134765625;2.8276145458221436;-1.6970694065093994;14.415773391723633;2.9673874378204346;-1.5002250671386719
GS20;15.37574577331543;2.5190563201904297;-1.3708293437957764;8.7802639007568359;2.0868704319000244;-0.028187036514282227
GS21;14.003320693969727;2.3156106472015381;-1.5065848827362061;6.5617542266845703;1.1001676321029663;-0.33302605152130127
GS22;12.784507751464844;1.9826442003250122;-1.2346863746643066;5.1952610015869141;0.26915967464447021;-0.073924660682678223
GS23;10.998207092285156;-0.037707388401031494;-2.510303258895874;3.5357379913330078;-0.053614377975463867;-1.0412365198135376
