name;fuji monochrome-like
description;fuji monochrome-like colorchecker
num_gray;24
patch;L_source;a_source;b_source;L_reference;a_reference;b_reference
A01;30.974533081054688;8.314967155456543;-4.3172063827514648;44.582160949707031;-2.9802322387695312e-05;0
A02;31.356666564941406;17.108081817626953;-1.9646942615509033;47.473350524902344;-2.9802322387695312e-05;0
A03;32.006008148193359;25.449932098388672;0.60186982154846191;50.352729797363281;0;0
A04;32.761146545410156;26.640176773071289;0.89538693428039551;51.76702880859375;-2.9802322387695312e-05;1.1920928955078125e-05
A05;48.085166931152344;13.884544372558594;-5.9868097305297852;70.85821533203125;0;0
A06;48.416885375976562;27.026535034179688;-1.6847968101501465;73.599861145019531;0;-1.1920928955078125e-05
A07;49.202484130859375;39.781452178955078;2.4698972702026367;76.003768920898438;-2.9802322387695312e-05;0
A08;49.845352172851562;56.847244262695312;6.8343043327331543;78.552543640136719;-5.9604644775390625e-05;0
A09;79.320625305175781;7.9072117805480957;-13.252782821655273;95.651664733886719;0;0
A10;79.37091064453125;13.809174537658691;-11.311113357543945;96.628273010253906;0;-1.1920928955078125e-05
A11;79.259071350097656;20.580886840820312;-8.9089632034301758;97.018577575683594;0;0
A12;79.001129150390625;27.138202667236328;-7.4529886245727539;96.676651000976562;-5.9604644775390625e-05;0
A13;99.686302185058594;-0.38230419158935547;-0.59572458267211914;99.308830261230469;0;0
A14;99.773834228515625;0.50187110900878906;-0.46125650405883789;99.308448791503906;0;1.1920928955078125e-05
A15;99.777740478515625;0.54159760475158691;-0.45638084411621094;99.308547973632812;0;2.384185791015625e-05
A16;99.7081298828125;-0.16137957572937012;-0.56271553039550781;99.30853271484375;0;0
A17;99.764251708984375;0.40268898010253906;-0.47763586044311523;99.30853271484375;0;0
A18;99.70953369140625;-0.15318393707275391;-0.56223869323730469;99.30853271484375;8.9406967163085938e-05;0
A19;98.809455871582031;-6.9864392280578613;-2.0982980728149414;99.310066223144531;0;0
A20;27.700473785400391;3.8339197635650635;-4.1903138160705566;38.563789367675781;-1.4901161193847656e-05;0
A21;33.245143890380859;18.725410461425781;5.2483739852905273;51.673782348632812;0;0
A22;38.611366271972656;33.360569000244141;13.52849006652832;62.771804809570312;0;0
B01;30.014793395996094;6.5241756439208984;-1.0500550270080566;42.228706359863281;-2.9802322387695312e-05;0
B02;30.5191650390625;13.122931480407715;3.7803709506988525;44.513336181640625;0;0
B03;31.345436096191406;19.523651123046875;8.0057916641235352;47.219898223876953;-2.9802322387695312e-05;0
B04;31.882732391357422;21.227241516113281;8.8166236877441406;48.38031005859375;-2.9802322387695312e-05;0
B05;48.038536071777344;14.286070823669434;2.7698397636413574;70.556327819824219;0;0
B06;48.534294128417969;24.929046630859375;12.385434150695801;72.486869812011719;-2.9802322387695312e-05;0
B07;49.015762329101562;38.260429382324219;22.143190383911133;74.346939086914062;2.9802322387695312e-05;0
B08;49.835365295410156;53.126750946044922;30.385673522949219;76.478302001953125;2.9802322387695312e-05;0
B09;79.500991821289062;7.08642578125;-9.3084335327148438;95.908851623535156;0;-3.5762786865234375e-05
B10;79.674423217773438;12.401163101196289;-3.5303354263305664;96.900581359863281;2.9802322387695312e-05;0
B11;79.605949401855469;17.487913131713867;2.4050116539001465;97.030235290527344;0;-2.384185791015625e-05
B12;79.413902282714844;23.690879821777344;7.1463942527770996;96.757484436035156;0;0
B13;98.987518310546875;-7.6622962951660156;-1.6951084136962891;99.307029724121094;0;0
B14;99.637413024902344;-0.037610530853271484;-0.73586702346801758;99.30853271484375;0;0
B15;99.7745361328125;0.47326087951660156;-0.46046972274780273;99.30853271484375;0;0
B16;92.665748596191406;0.13208389282226562;-14.582813262939453;98.624618530273438;-2.9802322387695312e-05;0
B17;95.217178344726562;6.6753330230712891;-9.8313694000244141;99.308509826660156;0;0
B18;98.021522521972656;-10.4306640625;-3.5260319709777832;98.963447570800781;0;-2.384185791015625e-05
B19;94.290695190429688;-4.4664440155029297;-11.203252792358398;98.73040771484375;-2.9802322387695312e-05;0
B20;29.626010894775391;9.9830923080444336;0.39740204811096191;43.372890472412109;0;0
B21;36.621658325195312;29.814094543457031;11.763107299804688;58.919792175292969;0;0
B22;63.137039184570312;19.725292205810547;8.4366798400878906;87.924018859863281;-5.9604644775390625e-05;2.384185791015625e-05
C01;32.992412567138672;4.0997562408447266;1.0864794254302979;46.286384582519531;-2.9802322387695312e-05;0
C02;33.197044372558594;6.567448616027832;7.4416637420654297;46.921852111816406;-2.9802322387695312e-05;0
C03;33.720798492431641;9.5775718688964844;13.77735710144043;48.081306457519531;0;0
C04;34.540256500244141;9.8456888198852539;14.404863357543945;49.380378723144531;0;0
C05;63.049919128417969;8.1387758255004883;9.4056015014648438;84.812454223632812;0;0
C06;63.620307922363281;15.648841857910156;29.680549621582031;85.354148864746094;0;0
C07;63.812606811523438;23.169071197509766;48.571659088134766;85.271240234375;0;0
C08;63.747734069824219;27.423530578613281;57.233005523681641;85.093582153320312;-2.9802322387695312e-05;0
C09;85.327293395996094;4.5225915908813477;-5.2544474601745605;97.833320617675781;0;-1.1920928955078125e-05
C10;85.448326110839844;7.0044097900390625;5.500340461730957;98.689796447753906;-2.9802322387695312e-05;0
C11;85.158866882324219;10.83683967590332;15.28373908996582;98.341278076171875;0;0
C12;85.2828369140625;13.468801498413086;24.628520965576172;98.118995666503906;0;1.1920928955078125e-05
C13;98.105903625488281;-17.273395538330078;-3.0789971351623535;97.919914245605469;-2.9802322387695312e-05;-2.384185791015625e-05
C14;94.236534118652344;9.3060131072998047;-11.850727081298828;99.309242248535156;0;0
C15;99.985321044921875;-1.2521147727966309;2.5298833847045898;99.308769226074219;0;0
C16;84.171714782714844;1.8599629402160645;-16.897249221801758;96.530853271484375;-2.9802322387695312e-05;-2.384185791015625e-05
C17;88.880142211914062;14.265566825866699;-9.2606782913208008;98.906608581542969;-5.9604644775390625e-05;0
C18;93.096527099609375;-13.211637496948242;-5.7680606842041016;97.570960998535156;2.9802322387695312e-05;-2.384185791015625e-05
C19;86.051506042480469;0.99590420722961426;-27.512943267822266;97.120185852050781;-2.9802322387695312e-05;1.1920928955078125e-05
C20;26.936893463134766;4.6199111938476562;-2.0067751407623291;37.016819000244141;0;0
C21;55.418411254882812;28.217851638793945;21.334659576416016;80.980796813964844;-2.9802322387695312e-05;0
C22;69.392448425292969;14.06913948059082;4.8065304756164551;92.26922607421875;-5.9604644775390625e-05;0
D01;31.968612670898438;0.43530762195587158;1.2892603874206543;43.330867767333984;0;0
D02;32.037834167480469;-0.31735002994537354;8.1248703002929688;42.886531829833984;0;0
D03;33.293773651123047;-1.1867135763168335;15.229803085327148;44.250083923339844;-2.9802322387695312e-05;0
D04;34.292495727539062;-1.3975203037261963;16.085361480712891;45.740818023681641;0;0
D05;68.302490234375;-0.89606642723083496;9.4232196807861328;87.775733947753906;-2.9802322387695312e-05;0
D06;69.200065612792969;-3.2756328582763672;31.076108932495117;87.393760681152344;-5.9604644775390625e-05;1.1920928955078125e-05
D07;68.898361206054688;-5.4175853729248047;51.338947296142578;85.785255432128906;0;0
D08;68.9267578125;-7.8766345977783203;68.30291748046875;84.414138793945312;-2.9802322387695312e-05;1.1920928955078125e-05
D09;90.518882751464844;0.55670738220214844;-4.9012422561645508;98.674697875976562;0;0
D10;90.602409362792969;-1.3952255249023438;7.353055477142334;98.955734252929688;0;0
D11;90.912399291992188;-2.6984810829162598;19.280529022216797;98.941932678222656;0;0
D12;91.075469970703125;-6.4482688903808594;51.964496612548828;97.452476501464844;-2.9802322387695312e-05;0
D13;96.811492919921875;-26.074111938476562;-5.3506612777709961;96.536033630371094;0;0
D14;88.224166870117188;20.255268096923828;-24.011337280273438;98.978614807128906;0;0
D15;98.859184265136719;-2.4116337299346924;14.098894119262695;99.310173034667969;0;0
D16;75.882225036621094;1.3684928417205811;-15.198028564453125;93.327255249023438;-2.9802322387695312e-05;0
D17;83.061370849609375;20.00933837890625;-3.7973761558532715;97.812026977539062;0;0
D18;88.574005126953125;-19.445001602172852;0.42705535888671875;96.278587341308594;0;0
D19;77.060874938964844;7.7188310623168945;-44.114814758300781;93.564659118652344;0;-1.1920928955078125e-05
D20;45.962242126464844;22.976129531860352;16.784805297851562;69.727485656738281;0;0
D21;59.335098266601562;6.881922721862793;2.7526140213012695;82.404541015625;0;0
D22;73.263359069824219;9.2323122024536133;5.3548812866210938;94.261314392089844;0;0
E01;31.224140167236328;-3.3730864524841309;1.6573190689086914;40.830699920654297;0;0
E02;31.342788696289062;-7.2673559188842773;8.5656881332397461;39.365032196044922;-2.9802322387695312e-05;1.1920928955078125e-05
E03;32.918930053710938;-12.455314636230469;16.515939712524414;39.957012176513672;0;0
E04;33.704963684082031;-12.73001766204834;17.007070541381836;41.052936553955078;0;0
E05;52.151626586914062;-6.0954689979553223;4.9014568328857422;70.681732177734375;0;0
E06;53.096061706542969;-14.470338821411133;19.707233428955078;69.390220642089844;-2.9802322387695312e-05;0
E07;53.34710693359375;-22.094219207763672;32.796543121337891;67.246391296386719;0;-2.384185791015625e-05
E08;53.642074584960938;-29.375045776367188;43.570476531982422;65.026512145996094;-2.9802322387695312e-05;0
E09;80.08154296875;-3.8543641567230225;-5.4951071739196777;95.05084228515625;-5.9604644775390625e-05;0
E10;80.184226989746094;-8.4044036865234375;3.6878824234008789;94.838546752929688;0;0
E11;80.420021057128906;-13.355075836181641;12.160181999206543;94.5269775390625;0;0
E12;80.846458435058594;-25.504291534423828;36.037097930908203;93.041633605957031;0;0
E13;93.298736572265625;-29.310554504394531;-12.263679504394531;94.518760681152344;0;0
E14;81.217994689941406;33.228961944580078;-37.677539825439453;97.575126647949219;0;0
E15;97.24053955078125;-2.7089715003967285;26.117372512817383;98.9576416015625;0;0
E16;67.523414611816406;1.5959739685058594;-12.975395202636719;87.994255065917969;-2.9802322387695312e-05;0
E17;76.894676208496094;26.165903091430664;1.9607782363891602;96.02880859375;0;1.1920928955078125e-05
E18;83.757591247558594;-24.860530853271484;7.2478294372558594;94.570755004882812;0;0
E19;68.971542358398438;11.213123321533203;-51.917861938476562;89.033790588378906;0;-2.384185791015625e-05
E20;54.26055908203125;37.720710754394531;43.623794555664062;79.268096923828125;0;0
E21;50.47705078125;18.282682418823242;27.668333053588867;73.825531005859375;5.9604644775390625e-05;-2.384185791015625e-05
E22;63.134262084960938;18.144935607910156;23.282157897949219;86.755569458007812;-2.9802322387695312e-05;-1.1920928955078125e-05
F01;21.360431671142578;-4.4440178871154785;-4.0833053588867188;21.989345550537109;-1.4901161193847656e-05;0
F02;21.886032104492188;-10.14222240447998;-1.0131478309631348;20.729396820068359;-2.9802322387695312e-05;0
F03;23.385932922363281;-15.121847152709961;1.369243860244751;21.697158813476562;-1.4901161193847656e-05;0
F04;24.402225494384766;-16.268119812011719;1.6183197498321533;23.110572814941406;0;0
F05;41.521381378173828;-9.5768423080444336;-4.1081786155700684;55.004234313964844;-2.9802322387695312e-05;0
F06;42.138267517089844;-20.479917526245117;0.60037374496459961;51.991104125976562;0;-1.1920928955078125e-05
F07;43.003097534179688;-29.662862777709961;4.7623276710510254;49.302810668945312;-2.9802322387695312e-05;0
F08;44.183631896972656;-37.630470275878906;9.878474235534668;47.222381591796875;0;0
F09;79.413772583007812;-3.8543343544006348;-13.429891586303711;94.000396728515625;0;-2.384185791015625e-05
F10;79.633247375488281;-9.6477270126342773;-10.688090324401855;93.517997741699219;0;0
F11;80.174591064453125;-15.267819404602051;-7.9548835754394531;93.183738708496094;0;0
F12;80.866806030273438;-30.798316955566406;-0.89191198348999023;90.8289794921875;-5.9604644775390625e-05;0
F13;89.389617919921875;-31.421453475952148;-19.952869415283203;92.305908203125;0;0
F14;75.228706359863281;42.218029022216797;-42.8450927734375;95.728187561035156;0;-2.384185791015625e-05
F15;95.681167602539062;-2.4761855602264404;36.394439697265625;98.613166809082031;0;0
F16;59.2430419921875;1.9578933715820312;-12.387752532958984;80.483833312988281;-5.9604644775390625e-05;-1.1920928955078125e-05
F17;71.119697570800781;32.336593627929688;6.2836408615112305;93.673515319824219;0;0
F18;78.98773193359375;-29.341579437255859;11.974727630615234;91.358932495117188;-0.00011920928955078125;0
F19;60.507255554199219;15.48597240447998;-59.64459228515625;83.319229125976562;-2.9802322387695312e-05;0
F20;63.20513916015625;7.7448186874389648;9.7254037857055664;85.514236450195312;-2.9802322387695312e-05;0
F21;68.226661682128906;13.618558883666992;22.735834121704102;90.11126708984375;-2.9802322387695312e-05;0
F22;71.93157958984375;11.074125289916992;15.331649780273438;93.305999755859375;2.9802322387695312e-05;0
G01;25.032279968261719;-5.7922153472900391;-8.5152444839477539;28.655353546142578;-1.4901161193847656e-05;0
G02;25.560348510742188;-11.835932731628418;-10.341715812683105;27.201328277587891;0;-5.9604644775390625e-06
G03;27.133098602294922;-17.06627082824707;-12.155067443847656;27.838462829589844;0;0
G04;28.446537017822266;-18.215089797973633;-12.385034561157227;29.456760406494141;1.4901161193847656e-05;0
G05;46.110504150390625;-9.1549453735351562;-12.179935455322266;61.472526550292969;-2.9802322387695312e-05;1.1920928955078125e-05
G06;46.972145080566406;-18.376350402832031;-15.191019058227539;58.813385009765625;-5.9604644775390625e-05;0
G07;47.65264892578125;-27.313098907470703;-16.937816619873047;54.605178833007812;2.9802322387695312e-05;0
G08;48.731185913085938;-33.832118988037109;-20.041704177856445;51.507400512695312;-5.9604644775390625e-05;0
G09;79.587287902832031;-4.6170654296875;-16.448307037353516;93.67596435546875;0;-2.384185791015625e-05
G10;79.502052307128906;-10.379373550415039;-17.907464981079102;92.608993530273438;0;0
G11;79.586395263671875;-15.782773971557617;-18.958532333374023;91.526115417480469;0;0
G12;80.365509033203125;-30.145406723022461;-23.101543426513672;87.863838195800781;0;0
G13;84.889877319335938;-32.454490661621094;-28.756486892700195;89.452972412109375;-2.9802322387695312e-05;0
G14;68.944206237792969;51.278919219970703;-47.317420959472656;93.918548583984375;-2.9802322387695312e-05;0
G15;93.909828186035156;-1.7118453979492188;47.540153503417969;97.926475524902344;-2.9802322387695312e-05;0
G16;50.563102722167969;1.953125;-11.260068893432617;71.016265869140625;0;1.1920928955078125e-05
G17;65.119216918945312;38.797050476074219;11.522531509399414;90.120361328125;5.9604644775390625e-05;0
G18;73.715873718261719;-33.683540344238281;17.094779968261719;86.230186462402344;0;-2.384185791015625e-05
G19;51.550086975097656;20.607233047485352;-67.439178466796875;74.554130554199219;0;0
G20;71.870506286621094;7.4894132614135742;16.78973388671875;92.281600952148438;0;0
G21;70.353408813476562;6.7678985595703125;32.006145477294922;90.500083923339844;5.9604644775390625e-05;-2.384185791015625e-05
G22;76.76068115234375;9.3147754669189453;80.591133117675781;91.576652526855469;0;0
H01;24.724151611328125;-2.4524478912353516;-13.954716682434082;29.350269317626953;0;0
H02;24.739124298095703;-5.600318431854248;-21.25628662109375;27.681571960449219;0;-5.9604644775390625e-06
H03;25.301315307617188;-8.3979072570800781;-28.344779968261719;27.174076080322266;0;0
H04;26.780620574951172;-9.3080101013183594;-31.356090545654297;29.137477874755859;0;0
H05;45.531036376953125;-3.857046365737915;-20.907724380493164;61.84747314453125;0;0
H06;45.818359375;-9.8967552185058594;-30.697977066040039;58.640274047851562;-2.9802322387695312e-05;-1.1920928955078125e-05
H07;45.765682220458984;-13.995617866516113;-42.088211059570312;52.826698303222656;0;0
H08;46.215354919433594;-16.768814086914062;-53.668296813964844;51.538200378417969;0;0
H09;78.844703674316406;-2.2941231727600098;-21.759164810180664;93.373786926269531;-5.9604644775390625e-05;0
H10;78.904403686523438;-5.5936279296875;-26.987207412719727;92.359893798828125;-5.9604644775390625e-05;0
H11;78.993736267089844;-9.0506076812744141;-33.142627716064453;91.236221313476562;0;0
H12;80.439170837402344;-21.249502182006836;-37.697074890136719;89.351692199707031;-2.9802322387695312e-05;1.1920928955078125e-05
H13;80.278961181640625;-31.831710815429688;-37.728534698486328;85.6783447265625;0;0
H14;62.779335021972656;60.093879699707031;-51.120029449462891;91.29449462890625;-5.9604644775390625e-05;2.384185791015625e-05
H15;92.084739685058594;-0.53903460502624512;58.955635070800781;96.980903625488281;-5.9604644775390625e-05;0
H16;42.343460083007812;2.3397207260131836;-9.6429233551025391;60.224891662597656;0;-2.384185791015625e-05
H17;59.509674072265625;44.753463745117188;17.312740325927734;85.930427551269531;0;0
H18;68.606430053710938;-37.19329833984375;22.508811950683594;80.307708740234375;0;0
H19;42.432319641113281;27.354806900024414;-75.089599609375;62.184623718261719;0;-1.1920928955078125e-05
H20;77.006332397460938;0.73519349098205566;23.990678787231445;95.025360107421875;-5.9604644775390625e-05;2.384185791015625e-05
H21;68.822769165039062;0.56019425392150879;-1.0226607322692871;89.53533935546875;0;0
H22;73.858253479003906;-7.8022775650024414;32.562839508056641;91.639183044433594;-5.9604644775390625e-05;2.384185791015625e-05
I01;29.143539428710938;3.8543939590454102;-20.293212890625;39.646812438964844;-2.9802322387695312e-05;0
I02;28.431571960449219;6.2890348434448242;-33.858161926269531;38.209693908691406;0;0
I03;27.686592102050781;9.2670469284057617;-47.753143310546875;35.881523132324219;0;0
I04;25.891670227050781;16.25129508972168;-72.280319213867188;34.316921234130859;0;0
I05;50.419914245605469;3.8728713989257812;-21.435319900512695;70.45849609375;0;-1.1920928955078125e-05
I06;50.560707092285156;5.2601394653320312;-32.725860595703125;70.170196533203125;0;-1.1920928955078125e-05
I07;50.146965026855469;7.2113275527954102;-44.288135528564453;69.076377868652344;0;0
I08;48.387931823730469;12.603193283081055;-73.226844787597656;64.211631774902344;2.9802322387695312e-05;-2.384185791015625e-05
I09;78.889816284179688;2.5094151496887207;-21.352695465087891;94.061126708984375;5.9604644775390625e-05;0
I10;78.871742248535156;2.9103457927703857;-26.521755218505859;93.687637329101562;0;0
I11;78.228019714355469;4.5410394668579102;-33.429252624511719;93.031600952148438;0;0
I12;78.424888610839844;3.9411187171936035;-42.248558044433594;93.110733032226562;-5.9604644775390625e-05;0
I13;75.09857177734375;-29.608280181884766;-47.738754272460938;80.889945983886719;2.9802322387695312e-05;0
I14;56.367820739746094;68.980903625488281;-54.522918701171875;87.802299499511719;-5.9604644775390625e-05;2.384185791015625e-05
I15;90.148513793945312;1.0867714881896973;70.030990600585938;96.18170166015625;-5.9604644775390625e-05;0
I16;34.142101287841797;2.5594830513000488;-8.524256706237793;47.73944091796875;-2.9802322387695312e-05;0
I17;54.08245849609375;50.371585845947266;22.70892333984375;81.307083129882812;-2.9802322387695312e-05;0
I18;63.283592224121094;-40.203781127929688;27.084087371826172;73.743637084960938;-5.9604644775390625e-05;0
I19;32.88861083984375;36.320343017578125;-82.94366455078125;48.830108642578125;2.9802322387695312e-05;-1.1920928955078125e-05
I20;79.982948303222656;-8.7070760726928711;28.06495475769043;95.651840209960938;-2.9802322387695312e-05;0
I21;50.219932556152344;-20.332723617553711;27.43968391418457;65.017410278320312;-2.9802322387695312e-05;0
I22;72.489730834960938;-23.452461242675781;13.034367561340332;88.352531433105469;-2.9802322387695312e-05;0
J01;19.892143249511719;8.6074914932250977;-18.309080123901367;24.157600402832031;0;-5.9604644775390625e-06
J02;19.145671844482422;15.590757369995117;-31.828767776489258;24.935317993164062;0;0
J03;17.290203094482422;25.56171989440918;-49.073398590087891;24.212100982666016;-2.9802322387695312e-05;0
J04;7.5152244567871094;70.117813110351562;-101.14345550537109;21.975597381591797;-1.4901161193847656e-05;0
J05;45.180892944335938;8.1701869964599609;-20.510709762573242;65.047355651855469;-5.9604644775390625e-05;0
J06;45.022876739501953;14.382600784301758;-32.012439727783203;65.954032897949219;-2.9802322387695312e-05;0
J07;44.515640258789062;20.899831771850586;-43.958877563476562;66.260581970214844;0;1.1920928955078125e-05
J08;41.282058715820312;39.848670959472656;-76.172431945800781;64.378173828125;0;0
J09;78.748764038085938;4.6043691635131836;-21.443653106689453;94.221343994140625;-8.9406967163085938e-05;0
J10;78.374229431152344;8.2266626358032227;-27.035009384155273;94.098770141601562;0;0
J11;78.297309875488281;11.048465728759766;-32.526634216308594;93.988906860351562;0;0
J12;77.302780151367188;17.728864669799805;-44.270469665527344;94.221366882324219;-8.9406967163085938e-05;0
J13;70.016578674316406;-27.013032913208008;-55.734096527099609;75.237197875976562;-2.9802322387695312e-05;2.384185791015625e-05
J14;50.370185852050781;76.81640625;-56.739688873291016;83.470123291015625;-2.9802322387695312e-05;0
J15;88.028694152832031;3.2132565975189209;81.118736267089844;95.07025146484375;0;0
J16;26.532398223876953;2.5918035507202148;-7.0569095611572266;34.769561767578125;0;0
J17;49.127357482910156;54.81207275390625;27.978473663330078;76.181419372558594;0;0
J18;57.903732299804688;-42.224109649658203;31.31340217590332;66.690109252929688;0;0
J19;22.984764099121094;48.407539367675781;-90.807319641113281;35.965763092041016;1.4901161193847656e-05;-5.9604644775390625e-06
J20;75.20648193359375;-22.830904006958008;4.2558789253234863;90.058944702148438;0;0
J21;39.281875610351562;-31.49859619140625;25.391799926757812;43.937667846679688;-2.9802322387695312e-05;0
J22;21.22088623046875;-11.659637451171875;2.686077356338501;19.787563323974609;1.4901161193847656e-05;-5.9604644775390625e-06
K01;29.094512939453125;14.282047271728516;-16.624391555786133;43.030426025390625;0;0
K02;28.473758697509766;28.885290145874023;-27.254581451416016;46.276859283447266;0;0
K03;27.678306579589844;43.997688293457031;-38.618522644042969;49.090782165527344;0;-1.1920928955078125e-05
K04;27.519557952880859;54.6080322265625;-45.510799407958984;51.42059326171875;0;0
K05;50.430595397949219;14.015078544616699;-19.701587677001953;73.036697387695312;-2.9802322387695312e-05;-1.1920928955078125e-05
K06;49.9962158203125;26.429145812988281;-29.0059814453125;75.002876281738281;0;0
K07;49.68292236328125;39.440422058105469;-38.930557250976562;76.929229736328125;-2.9802322387695312e-05;0
K08;47.522922515869141;70.969161987304688;-61.006141662597656;79.699691772460938;-5.9604644775390625e-05;0
K09;78.577117919921875;8.4894895553588867;-20.316612243652344;94.688766479492188;-5.9604644775390625e-05;0
K10;77.834587097167969;15.200257301330566;-26.329553604125977;94.83319091796875;-8.9406967163085938e-05;0
K11;77.733139038085938;22.584945678710938;-31.37054443359375;95.332015991210938;-5.9604644775390625e-05;0
K12;77.086135864257812;35.376815795898438;-41.479812622070312;95.900726318359375;0;0
K13;65.462409973144531;-26.00914192199707;-58.689762115478516;68.193267822265625;-2.9802322387695312e-05;0
K14;45.13507080078125;82.54119873046875;-57.576431274414062;79.000083923339844;0;-1.1920928955078125e-05
K15;85.529945373535156;5.5397748947143555;91.053718566894531;94.091079711914062;-8.9406967163085938e-05;0
K16;20.149219512939453;1.8895119428634644;-5.5644931793212891;21.871742248535156;-1.4901161193847656e-05;5.9604644775390625e-06
K17;44.730648040771484;57.705135345458984;32.148941040039062;71.288017272949219;0;0
K18;52.189971923828125;-42.971221923828125;33.950363159179688;58.701698303222656;-2.9802322387695312e-05;0
K19;13.443729400634766;63.538314819335938;-97.923194885253906;27.473899841308594;-1.4901161193847656e-05;0
K20;25.444797515869141;-7.9317092895507812;-1.3908088207244873;29.270557403564453;0;0
K21;19.880859375;-5.8375744819641113;-6.1008634567260742;19.420806884765625;1.4901161193847656e-05;-5.9604644775390625e-06
K22;21.025764465332031;-4.6093463897705078;-15.155500411987305;22.5601806640625;0;0
L01;24.734359741210938;12.647763252258301;-8.6602802276611328;34.724723815917969;-2.9802322387695312e-05;0
L02;24.758399963378906;24.367570877075195;-10.292970657348633;38.057804107666016;-2.9802322387695312e-05;0
L03;25.767574310302734;34.127906799316406;-11.004692077636719;42.290241241455078;0;-1.1920928955078125e-05
L04;26.848426818847656;36.606491088867188;-12.239938735961914;44.728580474853516;-2.9802322387695312e-05;0
L05;45.144081115722656;16.947895050048828;-12.514519691467285;67.3128662109375;-2.9802322387695312e-05;1.1920928955078125e-05
L06;45.151050567626953;33.332229614257812;-15.646516799926758;70.591514587402344;0;0
L07;45.35205078125;50.351558685302734;-18.684053421020508;73.594017028808594;0;-1.1920928955078125e-05
L08;45.523784637451172;69.3564453125;-20.819616317749023;76.283226013183594;0;0
L09;78.165054321289062;9.3437728881835938;-16.2755126953125;94.993370056152344;-2.9802322387695312e-05;0
L10;77.777427673339844;16.673595428466797;-19.087100982666016;95.452041625976562;5.9604644775390625e-05;0
L11;77.975578308105469;23.075490951538086;-19.283771514892578;96.143623352050781;0;-1.1920928955078125e-05
L12;77.308319091796875;32.069892883300781;-21.40753173828125;96.061836242675781;-5.9604644775390625e-05;2.384185791015625e-05
L13;59.727561950683594;-23.226530075073242;-61.299121856689453;63.237251281738281;0;0
L14;39.910396575927734;86.533157348632812;-56.795166015625;73.769744873046875;2.9802322387695312e-05;-1.1920928955078125e-05
L15;81.795501708984375;8.5721311569213867;99.651092529296875;91.971122741699219;-2.9802322387695312e-05;-1.1920928955078125e-05
L16;14.562747955322266;1.1854171752929688;-4.3476762771606445;10.670356750488281;0;0
L17;39.999065399169922;58.960186004638672;33.466552734375;65.408416748046875;2.9802322387695312e-05;-1.1920928955078125e-05
L18;44.947395324707031;-41.357250213623047;33.765186309814453;48.086685180664062;0;0
L19;3.9756622314453125;80.775070190429688;-102.85239410400391;19.735370635986328;0;0
L20;14.299221038818359;0.56608021259307861;-7.294917106628418;10.557489395141602;0;0
L21;14.943595886230469;3.4154057502746582;-8.2365398406982422;13.003194808959961;-1.4901161193847656e-05;0
L22;18.259510040283203;9.9388513565063477;-6.7499518394470215;22.014064788818359;0;0
HDR00;100;0;0;100;0;0
HDR01;200;0;0;200;0;0
GS00;98.518692016601562;-4.4365525245666504;-2.7977824211120605;99.298912048339844;0;0
GS01;92.550735473632812;0.84862112998962402;-14.819002151489258;98.644638061523438;0;0
GS02;88.859527587890625;1.9019246101379395;-16.296636581420898;97.811935424804688;0;1.1920928955078125e-05
GS03;85.297370910644531;1.9345581531524658;-15.876543045043945;96.731117248535156;0;0
GS04;81.276649475097656;1.5992224216461182;-15.679335594177246;95.327354431152344;-2.9802322387695312e-05;0
GS05;77.673294067382812;1.5892088413238525;-14.52631950378418;93.933868408203125;-2.9802322387695312e-05;2.384185791015625e-05
GS06;73.68841552734375;1.9724071025848389;-14.079988479614258;92.006492614746094;0;-1.1920928955078125e-05
GS07;69.571456909179688;1.5907883644104004;-13.316583633422852;89.178985595703125;-2.9802322387695312e-05;0
GS08;65.294853210449219;1.5517771244049072;-12.646734237670898;85.65777587890625;0;0
GS09;61.11151123046875;1.4493167400360107;-11.628413200378418;81.840095520019531;-2.9802322387695312e-05;0
GS10;56.857627868652344;1.4329254627227783;-11.695634841918945;77.566932678222656;0;0
GS11;52.479583740234375;2.010047435760498;-11.238920211791992;72.900993347167969;2.9802322387695312e-05;-1.1920928955078125e-05
GS12;48.306983947753906;1.9474327564239502;-10.372198104858398;67.930976867675781;-2.9802322387695312e-05;0
GS13;44.238029479980469;1.9981265068054199;-9.9959011077880859;62.578559875488281;0;0
GS14;39.827861785888672;2.1206588745117188;-9.1182346343994141;56.402763366699219;0;1.1920928955078125e-05
GS15;36.017295837402344;2.1519362926483154;-8.3157062530517578;50.70843505859375;0;1.1920928955078125e-05
GS16;31.857814788818359;2.0251274108886719;-8.0823421478271484;43.973964691162109;0;0
GS17;27.893440246582031;2.0367801189422607;-7.5477361679077148;37.288974761962891;-2.9802322387695312e-05;0
GS18;24.013992309570312;1.6546547412872314;-6.927490234375;30.142013549804688;0;0
GS19;20.556636810302734;1.5118569135665894;-6.1071276664733887;23.231266021728516;-1.4901161193847656e-05;0
GS20;17.364467620849609;1.2139379978179932;-5.3275704383850098;16.725131988525391;0;0
GS21;15.997514724731445;1.0737329721450806;-5.2017507553100586;14.206264495849609;0;-5.9604644775390625e-06
GS22;14.747936248779297;0.83856284618377686;-4.7852158546447754;11.9088134765625;0;0
GS23;13.258579254150391;-0.59548020362854004;-5.4539499282836914;8.9320430755615234;-7.4505805969238281e-06;0
