name;fuji provia-like
description;fuji provia-like colorchecker
num_gray;24
patch;L_source;a_source;b_source;L_reference;a_reference;b_reference
A01;23.22503662109375;13.193368911743164;0.2205967903137207;24.687789916992188;23.07136344909668;2.65464186668396
A02;24.079250335693359;24.138509750366211;3.2732069492340088;29.571529388427734;38.896202087402344;9.9815607070922852
A03;25.293750762939453;33.669532775878906;6.5657081604003906;34.756908416748047;50.035953521728516;17.32133674621582
A04;26.13970947265625;34.746559143066406;6.937652587890625;36.797821044921875;51.967067718505859;17.710817337036133
A05;43.517402648925781;17.315774917602539;0.58923959732055664;58.781013488769531;25.861263275146484;1.4908432960510254
A06;43.981315612792969;31.914175033569336;5.5966496467590332;60.844261169433594;44.443340301513672;8.0909490585327148
A07;44.912796020507812;45.582950592041016;10.284256935119629;63.047409057617188;57.467876434326172;13.224887847900391
A08;46.020805358886719;63.46380615234375;15.634942054748535;62.186111450195312;66.621780395507812;11.628520965576172
A09;75.818305969238281;10.342538833618164;-2.1234631538391113;92.074760437011719;8.0561342239379883;-1.8217325210571289
A10;76.066307067871094;16.674726486206055;-0.022637844085693359;92.405776977539062;11.338800430297852;-0.030970573425292969
A11;76.150962829589844;24.04022216796875;2.4383306503295898;91.479461669921875;13.030171394348145;-0.77538490295410156
A12;76.153884887695312;30.98750114440918;4.1424036026000977;90.980598449707031;13.486295700073242;0.27655363082885742
A13;99.386688232421875;0.24959444999694824;-4.1559934616088867;99.993255615234375;0.0055730342864990234;-0.0083208084106445312
A14;97.874298095703125;6.7091884613037109;-5.588829517364502;99.885810852050781;0.03719329833984375;-0.13393163681030273
A15;100.60859680175781;2.6367902755737305;-2.2958993911743164;99.999008178710938;0.00020861625671386719;-0.00095367431640625
A16;99.158531188964844;3.7163794040679932;-4.5735955238342285;99.998954772949219;-8.9406967163085938e-05;0
A17;100.49156951904297;3.2709836959838867;-1.9220829010009766;99.996986389160156;0.0037848949432373047;-0.0028371810913085938
A18;101.11772918701172;2.2829174995422363;-2.1490097045898438;99.997879028320312;-0.0050961971282958984;0.00098943710327148438
A19;97.052436828613281;3.2214820384979248;-7.7942490577697754;99.348526000976562;0.2619624137878418;-0.95689296722412109
A20;18.451789855957031;8.3792800903320312;-0.66330432891845703;15.782346725463867;14.330595970153809;0.51968693733215332
A21;27.525062561035156;27.888193130493164;14.095407485961914;36.116634368896484;45.783607482910156;28.495429992675781
A22;35.496311187744141;44.364154815673828;25.438945770263672;50.462791442871094;62.973796844482422;43.187038421630859
B01;22.852790832519531;10.581016540527344;4.2793693542480469;22.977687835693359;19.732192993164062;8.8611783981323242
B02;23.891407012939453;18.796577453613281;10.332989692687988;27.307563781738281;33.126518249511719;21.221769332885742
B03;25.255306243896484;26.122539520263672;15.432614326477051;32.169548034667969;43.443264007568359;30.12162971496582
B04;25.899436950683594;27.860074996948242;16.266262054443359;34.163547515869141;46.433284759521484;31.782077789306641
B05;43.805309295654297;17.818122863769531;9.4744796752929688;58.676773071289062;28.055727005004883;15.028417587280273
B06;44.315391540527344;29.767631530761719;19.676662445068359;60.518089294433594;42.954475402832031;30.671882629394531
B07;44.948760986328125;43.985248565673828;30.474208831787109;62.153205871582031;57.874740600585938;43.459693908691406
B08;46.103256225585938;59.427024841308594;40.043426513671875;60.929771423339844;64.59173583984375;47.126518249511719
B09;75.707405090332031;9.5844268798828125;1.5920281410217285;92.241722106933594;7.0994195938110352;1.5076518058776855
B10;76.008804321289062;15.544623374938965;7.2938799858093262;92.048942565917969;10.345310211181641;4.9577713012695312
B11;76.135597229003906;21.172433853149414;13.016867637634277;91.225044250488281;10.729819297790527;8.0655689239501953
B12;76.081291198730469;27.881919860839844;17.669069290161133;90.380027770996094;11.276185989379883;10.912715911865234
B13;96.727348327636719;-4.37799072265625;-7.5263142585754395;99.252487182617188;-3.3613443374633789;-0.84881782531738281
B14;94.660682678222656;11.172443389892578;-8.7060813903808594;99.163070678710938;1.0910928249359131;-1.2182116508483887
B15;99.269935607910156;1.7023980617523193;6.9839358329772949;99.678558349609375;-0.21651387214660645;2.0266175270080566
B16;90.530021667480469;3.3314526081085205;-4.2580366134643555;98.350212097167969;1.3480782508850098;-2.1596431732177734
B17;93.823081970214844;10.928810119628906;0.42892694473266602;98.627433776855469;2.0406842231750488;-0.24472475051879883
B18;96.623703002929688;-5.4582953453063965;2.4768829345703125;99.376739501953125;-2.9918849468231201;2.2443175315856934
B19;92.395011901855469;4.2935013771057129;-13.36979866027832;97.940765380859375;0.7743537425994873;-3.0432581901550293
B20;22.518257141113281;16.442775726318359;6.5739035606384277;25.406288146972656;29.441892623901367;14.658748626708984
B21;32.837875366210938;39.480937957763672;22.370773315429688;46.859394073486328;59.431255340576172;41.082023620605469
B22;63.520454406738281;25.545984268188477;19.090414047241211;79.515144348144531;24.420143127441406;20.930313110351562
C01;27.861484527587891;6.8076701164245605;6.5733852386474609;31.287357330322266;13.431191444396973;12.378269195556641
C02;28.101764678955078;9.9427995681762695;13.837575912475586;32.177181243896484;20.129962921142578;25.424522399902344
C03;28.864837646484375;13.54345703125;20.935333251953125;34.418487548828125;27.728303909301758;36.554855346679688
C04;29.803058624267578;13.607040405273438;21.502172470092773;36.458126068115234;27.786537170410156;37.522029876708984
C05;59.602638244628906;11.451214790344238;16.992950439453125;76.821929931640625;13.125001907348633;21.750391006469727
C06;60.078353881835938;19.967735290527344;37.131248474121094;77.045204162597656;21.644622802734375;48.532390594482422
C07;60.179641723632812;28.062164306640625;56.606292724609375;76.403709411621094;26.634185791015625;68.798049926757812
C08;60.084381103515625;32.598079681396484;66.381179809570312;75.591140747070312;27.860015869140625;74.613388061523438
C09;81.425857543945312;6.9304704666137695;6.2446713447570801;95.497161865234375;4.6743154525756836;4.3116331100463867
C10;81.49627685546875;10.322183609008789;16.192459106445312;94.883712768554688;4.2538046836853027;10.56321907043457
C11;81.469833374023438;14.885992050170898;25.380002975463867;94.2725830078125;3.1797885894775391;17.718231201171875
C12;81.758590698242188;18.04026985168457;34.108100891113281;93.6490478515625;2.0773708820343018;25.762044906616211
C13;93.42181396484375;-9.8765192031860352;-11.82457160949707;98.251716613769531;-8.0003442764282227;-2.7748346328735352
C14;89.593643188476562;18.334627151489258;-13.442193984985352;97.375114440917969;5.0670204162597656;-3.7955045700073242
C15;97.748199462890625;1.1549592018127441;16.251289367675781;99.507591247558594;-1.6528666019439697;7.2839498519897461
C16;81.996795654296875;3.3473074436187744;-4.1171669960021973;95.65301513671875;1.5143752098083496;-2.3920416831970215
C17;87.627700805664062;17.222732543945312;4.3610692024230957;96.738899230957031;4.1754245758056641;1.5192508697509766
C18;92.126472473144531;-11.707931518554688;7.3360919952392578;98.43231201171875;-7.1208477020263672;4.3339848518371582
C19;84.70721435546875;5.5801868438720703;-21.819950103759766;95.861587524414062;-0.54317712783813477;-6.1939239501953125
C20;19.807590484619141;8.5624008178710938;2.4415910243988037;18.483562469482422;15.746339797973633;5.1770448684692383
C21;54.772453308105469;35.086124420166016;31.84332275390625;70.967605590820312;40.760906219482422;40.807270050048828
C22;70.282073974609375;18.885971069335938;15.802407264709473;85.652328491210938;15.821516036987305;14.296806335449219
D01;27.792739868164062;2.2705345153808594;6.1352910995483398;30.631362915039062;4.9048957824707031;11.804782867431641
D02;27.717899322509766;1.597180962562561;13.600837707519531;30.141841888427734;4.8697290420532227;24.064767837524414
D03;29.176849365234375;0.93442201614379883;21.115238189697266;32.624870300292969;5.4032206535339355;34.712009429931641
D04;30.211460113525391;0.75238943099975586;21.661859512329102;34.891029357910156;4.6289262771606445;35.840259552001953
D05;64.823539733886719;2.0415186882019043;17.167818069458008;81.553413391113281;1.7805397510528564;19.375932693481445
D06;65.332931518554688;0.5131065845489502;37.623069763183594;81.715721130371094;0.35148859024047852;47.798011779785156
D07;64.865997314453125;-1.1348128318786621;57.570899963378906;81.567619323730469;-1.8190741539001465;72.527778625488281
D08;64.866172790527344;-3.6234259605407715;75.642433166503906;82.159645080566406;-3.1984150409698486;81.578933715820312
D09;86.4967041015625;2.7545392513275146;7.1001768112182617;97.591354370117188;1.9934773445129395;4.5659065246582031
D10;86.451362609863281;1.7404556274414062;18.198787689208984;97.512237548828125;-0.18966197967529297;12.085604667663574
D11;86.869041442871094;1.1211633682250977;29.035842895507812;97.785537719726562;-2.9981136322021484;20.460201263427734
D12;86.978614807128906;-1.3436973094940186;59.322120666503906;97.130958557128906;-8.9970827102661133;51.137508392333984
D13;89.895294189453125;-15.033304214477539;-16.560565948486328;97.025627136230469;-14.007509231567383;-4.4235467910766602
D14;84.386878967285156;25.692165374755859;-18.076133728027344;95.838539123535156;8.0978870391845703;-6.0311317443847656
D15;96.022422790527344;1.1168122291564941;26.186466217041016;99.409645080566406;-3.7244856357574463;14.607131958007812
D16;73.259841918945312;2.9586255550384521;-3.8065552711486816;90.841041564941406;1.5718936920166016;-2.473139762878418
D17;81.47955322265625;23.673831939697266;8.5052127838134766;94.276557922363281;7.200777530670166;3.9073348045349121
D18;87.061843872070312;-17.790525436401367;12.11296272277832;97.008781433105469;-13.289332389831543;8.0750465393066406
D19;76.594902038574219;7.0053935050964355;-30.111228942871094;92.835296630859375;-0.64176321029663086;-10.754871368408203
D20;44.20611572265625;28.756410598754883;25.523239135742188;59.866188049316406;42.802303314208984;39.217071533203125
D21;58.779586791992188;10.48588752746582;11.907362937927246;75.705398559570312;11.786163330078125;15.009307861328125
D22;74.47564697265625;13.528555870056152;16.449428558349609;88.934684753417969;11.276960372924805;14.060270309448242
E01;28.032638549804688;-2.2127776145935059;6.2122702598571777;30.353984832763672;-3.1300485134124756;10.891169548034668
E02;27.783889770507812;-6.3747763633728027;13.414632797241211;29.430328369140625;-11.66588020324707;23.766469955444336
E03;29.491989135742188;-11.580690383911133;21.241611480712891;32.169040679931641;-20.530477523803711;34.139419555664062
E04;30.276176452636719;-11.539801597595215;21.211385726928711;34.042709350585938;-20.584657669067383;35.113628387451172
E05;48.866600036621094;-4.0243268013000488;10.881126403808594;64.265640258789062;-5.8412847518920898;16.829513549804688
E06;49.367057800292969;-11.92527961730957;24.60731315612793;64.154312133789062;-18.874050140380859;38.757354736328125
E07;49.402557373046875;-19.461452484130859;37.197105407714844;63.900474548339844;-31.464666366577148;56.197334289550781
E08;49.503150939941406;-26.762872695922852;47.860992431640625;64.471138000488281;-44.127910614013672;63.775783538818359
E09;75.987869262695312;-1.5715062618255615;4.7568440437316895;92.478805541992188;-1.016765832901001;3.8533926010131836
E10;75.889816284179688;-5.654841423034668;12.874722480773926;91.891891479492188;-4.030853271484375;10.16545295715332
E11;76.114631652832031;-10.246574401855469;20.550775527954102;91.717971801757812;-9.1507730484008789;18.047142028808594
E12;76.371337890625;-21.577060699462891;42.186439514160156;90.686347961425781;-21.8594970703125;44.284320831298828
E13;86.277587890625;-19.232542037963867;-21.270143508911133;95.77972412109375;-20.344823837280273;-6.6233158111572266
E14;78.7265625;33.833534240722656;-22.832000732421875;93.723152160644531;12.351393699645996;-9.1243743896484375
E15;94.201446533203125;1.4785826206207275;36.700809478759766;99.111259460449219;-5.6217613220214844;22.626708984375
E16;64.892890930175781;3.1199753284454346;-2.8402566909790039;84.325347900390625;2.3843646049499512;-2.3076772689819336
E17;75.279487609863281;30.087888717651367;13.222312927246094;90.226127624511719;12.62846565246582;7.0793747901916504
E18;81.879425048828125;-22.876560211181641;17.384969711303711;94.257858276367188;-19.748359680175781;13.705825805664062
E19;68.393714904785156;9.6037092208862305;-38.13116455078125;88.573966979980469;0.60877203941345215;-17.202508926391602
E20;53.990745544433594;44.473884582519531;53.340488433837891;68.3245849609375;45.196979522705078;62.537258148193359
E21;49.941162109375;23.701250076293945;36.259490966796875;65.692008972167969;34.190475463867188;52.324657440185547
E22;64.200172424316406;23.763328552246094;32.863903045654297;79.814697265625;22.894174575805664;39.008033752441406
F01;17.945613861083984;-4.1033177375793457;-0.92470049858093262;12.775423049926758;-7.1329550743103027;-0.29022097587585449
F02;18.278499603271484;-10.745912551879883;2.1329700946807861;13.055641174316406;-14.094524383544922;5.1938204765319824
F03;20.064903259277344;-15.706107139587402;4.3015661239624023;16.876743316650391;-20.326547622680664;10.337606430053711
F04;21.380168914794922;-16.349136352539062;4.3732109069824219;19.826873779296875;-21.988153457641602;10.667342185974121
F05;38.647941589355469;-8.2370939254760742;1.1173546314239502;50.49664306640625;-14.238238334655762;2.2397398948669434
F06;38.892093658447266;-19.336402893066406;5.2687463760375977;51.030876159667969;-33.802211761474609;10.944498062133789
F07;39.4345703125;-28.606966018676758;8.8782014846801758;53.0548095703125;-44.736774444580078;19.970220565795898
F08;40.330780029296875;-36.413536071777344;13.179141044616699;55.454170227050781;-48.949211120605469;28.971458435058594
F09;75.363800048828125;-2.3115575313568115;-2.2868990898132324;92.51318359375;-2.4893283843994141;-1.9379258155822754
F10;75.430244445800781;-7.8717470169067383;-0.093841552734375;92.211051940917969;-6.5025091171264648;-0.37121772766113281
F11;75.981399536132812;-13.363063812255859;2.2233843803405762;92.413223266601562;-11.796504020690918;1.4795899391174316
F12;76.455978393554688;-28.702617645263672;8.0483322143554688;91.588371276855469;-29.654026031494141;6.3734173774719238
F13;82.546043395996094;-22.771656036376953;-25.671518325805664;94.448158264160156;-27.532011032104492;-8.7922334671020508
F14;73.075714111328125;41.660518646240234;-26.974105834960938;91.349563598632812;17.226755142211914;-12.616718292236328
F15;92.495185852050781;2.2596120834350586;45.701515197753906;98.857177734375;-7.2968301773071289;30.959247589111328
F16;56.79534912109375;3.4276843070983887;-3.2129168510437012;76.647880554199219;3.5090446472167969;-3.294527530670166
F17;69.744796752929688;36.295501708984375;16.542316436767578;85.595680236816406;19.502998352050781;10.161757469177246
F18;77.110954284667969;-27.42457389831543;20.84813117980957;90.759437561035156;-28.094858169555664;18.948495864868164
F19;60.118698120117188;12.546300888061523;-45.672763824462891;83.238624572753906;1.174628734588623;-25.38507080078125
F20;62.934249877929688;11.351943016052246;18.720542907714844;79.990821838378906;11.831760406494141;21.922397613525391
F21;68.914558410644531;18.610446929931641;32.215152740478516;84.411415100097656;15.697151184082031;35.354686737060547
F22;73.679656982421875;15.680253982543945;25.703620910644531;88.103408813476562;11.769294738769531;23.55598258972168
G01;22.562107086181641;-5.5931658744812012;-5.0103068351745605;22.160972595214844;-9.021327018737793;-7.861572265625
G02;22.845752716064453;-12.434512138366699;-6.6714229583740234;24.379817962646484;-16.157522201538086;-8.2951011657714844
G03;24.443027496337891;-17.777353286743164;-8.3845729827880859;28.985137939453125;-19.485219955444336;-9.9914369583129883
G04;25.916103363037109;-18.441184997558594;-8.3192644119262695;32.362102508544922;-21.825031280517578;-9.0518894195556641
G05;43.444965362548828;-8.2307901382446289;-5.5208921432495117;58.715950012207031;-14.079302787780762;-8.1375837326049805
G06;43.919193267822266;-17.77912712097168;-8.3410024642944336;60.681907653808594;-29.141157150268555;-10.342967987060547
G07;44.267692565917969;-27.005031585693359;-10.153615951538086;63.150588989257812;-37.926406860351562;-10.368907928466797
G08;45.051189422607422;-33.685432434082031;-13.226902008056641;66.385009765625;-39.448501586914062;-10.891639709472656
G09;75.524276733398438;-3.1993091106414795;-4.9643874168395996;92.875617980957031;-2.9096901416778564;-3.325045108795166
G10;75.39691162109375;-9.1931228637695312;-6.4069390296936035;92.6014404296875;-8.0712738037109375;-4.8349738121032715
G11;75.413795471191406;-14.653264999389648;-7.7481865882873535;92.49249267578125;-14.405369758605957;-5.4917335510253906
G12;76.122245788574219;-29.594511032104492;-11.798572540283203;92.104568481445312;-33.188102722167969;-9.9922065734863281
G13;78.50445556640625;-25.820524215698242;-30.284452438354492;92.991439819335938;-35.909683227539062;-11.21619987487793
G14;67.212379455566406;49.849838256835938;-31.041955947875977;88.24176025390625;23.787467956542969;-17.223417282104492
G15;90.77099609375;3.4399032592773438;55.331718444824219;98.414749145507812;-9.2216129302978516;42.277015686035156
G16;48.449447631835938;3.3716261386871338;-3.3230423927307129;66.982109069824219;4.5085849761962891;-4.5458555221557617
G17;64.173988342285156;42.583198547363281;20.862781524658203;80.186447143554688;28.055608749389648;14.641928672790527
G18;71.867271423339844;-31.630546569824219;24.782955169677734;86.30859375;-38.155345916748047;25.885128021240234
G19;51.473304748535156;16.321718215942383;-53.5146484375;76.267601013183594;3.2095909118652344;-36.198783874511719
G20;72.160934448242188;11.581600189208984;26.372421264648438;87.789642333984375;9.7756977081298828;25.666940689086914
G21;71.416152954101562;11.604905128479004;40.832328796386719;86.2415771484375;9.0876216888427734;44.978069305419922
G22;79.062835693359375;15.673458099365234;89.0257568359375;89.548210144042969;-0.78895688056945801;84.796913146972656
H01;22.566398620605469;-2.3917853832244873;-9.9207220077514648;23.704959869384766;-3.4265966415405273;-16.930883407592773
H02;22.330997467041016;-6.3407421112060547;-16.955179214477539;26.37420654296875;-6.18109130859375;-25.722248077392578
H03;22.881076812744141;-9.8990354537963867;-23.273229598999023;30.729267120361328;-6.3800363540649414;-32.6983642578125
H04;24.517971038818359;-10.86595630645752;-25.519865036010742;35.142673492431641;-8.0845060348510742;-34.284614562988281
H05;43.014434814453125;-3.4662783145904541;-13.347112655639648;59.6474609375;-6.9096088409423828;-18.776262283325195
H06;43.084365844726562;-10.547697067260742;-22.082901000976562;61.57843017578125;-17.095148086547852;-28.645360946655273
H07;42.823551177978516;-15.807374954223633;-32.301746368408203;64.716407775878906;-23.464143753051758;-36.317085266113281
H08;43.090118408203125;-19.725830078125;-42.852531433105469;69.377044677734375;-24.870723724365234;-39.995777130126953
H09;74.884323120117188;-1.201242208480835;-9.7175235748291016;92.914688110351562;-2.0541250705718994;-6.0864567756652832
H10;74.8232421875;-5.0179958343505859;-14.462375640869141;92.810096740722656;-5.4079890251159668;-9.5503807067871094
H11;74.997695922851562;-9.1050262451171875;-19.947565078735352;92.624137878417969;-10.489106178283691;-11.279129981994629
H12;75.017349243164062;-17.549156188964844;-32.934116363525391;92.1246337890625;-27.280599594116211;-12.359333038330078
H13;74.658432006835938;-27.881711959838867;-34.358608245849609;91.754714965820312;-42.520969390869141;-13.188838958740234
H14;61.499046325683594;57.546497344970703;-34.355056762695312;84.260055541992188;32.501430511474609;-23.181379318237305
H15;89.070198059082031;5.0656499862670898;65.355422973632812;97.884536743164062;-11.127412796020508;56.214153289794922
H16;40.588790893554688;3.7531404495239258;-2.7487993240356445;56.289085388183594;5.8548154830932617;-4.3376922607421875
H17;58.911392211914062;48.492938995361328;25.503408432006836;74.387557983398438;37.887184143066406;21.153509140014648
H18;66.823455810546875;-34.884452819824219;28.870582580566406;82.226394653320312;-48.656463623046875;35.913288116455078
H19;42.838180541992188;21.234094619750977;-60.855472564697266;68.345420837402344;7.4051022529602051;-48.658416748046875
H20;77.439178466796875;4.9705801010131836;33.489631652832031;91.401115417480469;3.3448338508605957;30.872810363769531
H21;69.978889465332031;3.2003521919250488;9.1954469680786133;86.100639343261719;3.3186078071594238;8.4903478622436523
H22;75.768768310546875;-3.6499202251434326;41.512989044189453;88.738212585449219;-4.5020284652709961;43.654777526855469
I01;27.381233215332031;3.8700699806213379;-15.134965896606445;34.19415283203125;5.5097193717956543;-23.760486602783203
I02;26.514823913574219;5.0696430206298828;-27.667665481567383;36.895248413085938;6.4540805816650391;-41.063190460205078
I03;25.725299835205078;6.4518003463745117;-40.149784088134766;40.376247406005859;8.6817588806152344;-54.925899505615234
I04;24.342739105224609;9.5990896224975586;-61.627727508544922;47.559135437011719;10.855138778686523;-69.796028137207031
I05;47.952533721923828;4.4824180603027344;-12.915718078613281;66.687507629394531;5.1695404052734375;-16.875827789306641
I06;47.952373504638672;4.8260984420776367;-22.942901611328125;68.587081909179688;3.5386979579925537;-26.979351043701172
I07;47.577793121337891;5.4473876953125;-32.868362426757812;69.957550048828125;1.6105473041534424;-35.818016052246094
I08;45.994987487792969;6.8218412399291992;-58.201622009277344;72.111015319824219;-10.25092601776123;-42.93511962890625
I09;75.048362731933594;3.5171806812286377;-9.1382026672363281;93.046531677246094;2.4895370006561279;-6.4273595809936523
I10;74.965766906738281;3.5282373428344727;-13.748860359191895;93.393043518066406;1.5859603881835938;-9.5443010330200195
I11;74.437431335449219;4.4895706176757812;-19.754993438720703;93.150657653808594;0.70178508758544922;-10.24940013885498
I12;74.376113891601562;4.7768650054931641;-30.597793579101562;92.968544006347656;-2.8603971004486084;-10.60072135925293
I13;70.643394470214844;-29.374689102172852;-38.497520446777344;90.636634826660156;-47.631202697753906;-14.954972267150879
I14;55.625;65.435768127441406;-37.427806854248047;79.609580993652344;43.138950347900391;-30.218112945556641
I15;87.174263000488281;6.9635510444641113;75.218902587890625;96.890945434570312;-11.757045745849609;70.077445983886719
I16;32.719039916992188;3.7856996059417725;-2.7607738971710205;43.929397583007812;6.4388513565063477;-4.5319437980651855
I17;53.760520935058594;53.834884643554688;29.710155487060547;68.85418701171875;48.386184692382812;27.806413650512695
I18;61.561820983886719;-37.942798614501953;32.236850738525391;77.648033142089844;-57.578445434570312;45.726142883300781
I19;33.921096801757812;27.566791534423828;-68.135887145996094;60.150405883789062;13.636917114257812;-61.738922119140625
I20;80.35028076171875;-4.5411291122436523;37.359775543212891;93.017730712890625;-4.2438507080078125;33.368156433105469
I21;50.606643676757812;-18.046676635742188;32.428176879882812;63.943771362304688;-28.103023529052734;49.165908813476562
I22;74.134368896484375;-21.560817718505859;22.195804595947266;87.287971496582031;-22.582054138183594;21.882665634155273
J01;17.479328155517578;9.4474105834960938;-14.885777473449707;16.782482147216797;14.910549163818359;-24.616134643554688
J02;16.579265594482422;15.827685356140137;-27.701627731323242;20.830810546875;22.941917419433594;-42.548721313476562
J03;14.905008316040039;23.758903503417969;-43.184955596923828;25.342536926269531;30.034526824951172;-60.482685089111328
J04;7.0696506500244141;57.094738006591797;-88.466865539550781;38.003612518310547;36.922962188720703;-88.760589599609375
J05;42.690708160400391;8.7107419967651367;-12.661862373352051;60.088470458984375;12.061089515686035;-18.335735321044922
J06;42.636161804199219;13.846725463867188;-22.698200225830078;62.393684387207031;17.593265533447266;-30.054176330566406
J07;42.152793884277344;19.229293823242188;-33.087169647216797;64.30694580078125;21.730005264282227;-39.609600067138672
J08;39.604499816894531;33.231437683105469;-60.626949310302734;66.727134704589844;23.081661224365234;-51.019596099853516
J09;74.972671508789062;5.6014060974121094;-9.2336769104003906;93.095405578613281;3.2855570316314697;-6.3055634498596191
J10;74.675209045410156;8.7305011749267578;-13.977479934692383;93.2611083984375;5.836277961730957;-9.9302053451538086
J11;74.714591979980469;11.167377471923828;-18.68798828125;93.408988952636719;6.1584415435791016;-9.7382183074951172
J12;74.042892456054688;16.759157180786133;-28.938806533813477;93.125885009765625;7.0651473999023438;-10.147500038146973
J13;66.453125;-29.904335021972656;-42.178390502929688;89.35333251953125;-48.770339965820312;-16.906011581420898
J14;50.088523864746094;72.284873962402344;-39.627574920654297;74.525680541992188;55.364459991455078;-38.004684448242188
J15;85.287620544433594;9.1040725708007812;85.380950927734375;95.646507263183594;-11.289626121520996;82.530380249023438
J16;25.215164184570312;3.7199556827545166;-2.284693717956543;30.754585266113281;6.9431362152099609;-3.9355874061584473
J17;49.098243713378906;58.039070129394531;33.944881439208984;63.984519958496094;58.502586364746094;34.933078765869141
J18;56.26666259765625;-40.223865509033203;35.316192626953125;73.046035766601562;-63.384353637695312;54.501228332519531
J19;24.636970520019531;36.269767761230469;-75.535469055175781;51.835418701171875;23.225933074951172;-75.1912841796875
J20;75.429702758789062;-21.056116104125977;13.934814453125;89.374275207519531;-20.263940811157227;11.895954132080078
J21;39.309211730957031;-30.33265495300293;28.307950973510742;49.360641479492188;-48.451007843017578;47.226894378662109
J22;21.828071594238281;-10.610490798950195;5.4816780090332031;19.056156158447266;-17.456233978271484;11.012822151184082
K01;27.564975738525391;15.511035919189453;-11.48197078704834;35.4285888671875;24.168998718261719;-18.11775016784668
K02;26.826869964599609;29.852420806884766;-21.177333831787109;39.260540008544922;41.597797393798828;-31.118709564208984
K03;26.128738403320312;44.044883728027344;-31.056678771972656;43.918846130371094;55.297225952148438;-42.388797760009766
K04;26.078258514404297;53.358329772949219;-36.368324279785156;47.575443267822266;62.908054351806641;-47.238754272460938
K05;48.037704467773438;14.869392395019531;-11.228620529174805;67.255691528320312;19.382595062255859;-14.896356582641602
K06;47.696365356445312;26.569276809692383;-19.108713150024414;69.240470886230469;31.29887580871582;-23.679615020751953
K07;47.509628295898438;38.467319488525391;-27.394462585449219;71.04754638671875;41.126789093017578;-31.585275650024414
K08;46.256523132324219;66.402496337890625;-45.260917663574219;73.386054992675781;57.230560302734375;-39.782760620117188
K09;74.928810119628906;9.7685756683349609;-8.1560850143432617;93.134101867675781;6.8502721786499023;-5.4720044136047363
K10;74.313949584960938;16.015470504760742;-13.267337799072266;93.126091003417969;11.458456039428711;-9.6301193237304688
K11;74.478591918945312;22.858650207519531;-17.30799674987793;93.404121398925781;13.000637054443359;-9.592437744140625
K12;74.3299560546875;34.643829345703125;-25.664949417114258;92.54876708984375;14.749526977539062;-10.849452018737793
K13;62.000732421875;-29.412538528442383;-45.509910583496094;85.213134765625;-43.502033233642578;-23.100435256958008
K14;45.233070373535156;77.358810424804688;-40.507186889648438;70.491073608398438;65.536170959472656;-44.252609252929688
K15;83.023658752441406;11.391282081604004;95.308067321777344;94.40240478515625;-9.8523197174072266;89.050498962402344
K16;18.530361175537109;3.099247932434082;-1.7723143100738525;17.262435913085938;5.8928132057189941;-3.003847599029541
K17;44.841384887695312;61.015426635742188;37.468837738037109;60.308891296386719;66.560447692871094;43.183189392089844
K18;50.550430297851562;-41.295154571533203;37.2596435546875;67.405021667480469;-62.808395385742188;59.523887634277344
K19;15.765068054199219;47.151878356933594;-82.245864868164062;44.785396575927734;33.098964691162109;-86.199722290039062
K20;25.072952270507812;-6.9731621742248535;2.5817275047302246;26.961326599121094;-13.542890548706055;5.581599235534668
K21;19.720428466796875;-5.3089561462402344;-2.5525987148284912;16.993324279785156;-8.493870735168457;-3.3947110176086426
K22;21.387359619140625;-4.741668701171875;-10.730523109436035;21.996665954589844;-5.8318376541137695;-17.258108139038086
L01;22.884292602539062;14.676466941833496;-4.606020450592041;25.755519866943359;24.614528656005859;-7.3580322265625
L02;22.771526336669922;27.03931999206543;-5.779057502746582;29.949153900146484;41.029453277587891;-6.2000870704650879
L03;23.747425079345703;36.859050750732422;-5.938720703125;35.346431732177734;52.044048309326172;-4.8567533493041992
L04;24.683624267578125;38.985980987548828;-6.764531135559082;37.904666900634766;54.895729064941406;-6.4355907440185547
L05;42.907859802246094;18.383413314819336;-5.1774859428405762;60.063743591308594;26.516586303710938;-8.1240062713623047
L06;43.034229278564453;34.598796844482422;-7.4999094009399414;62.526557922363281;45.186580657958984;-11.48681640625
L07;43.441509246826172;50.988941192626953;-9.3321208953857422;64.988845825195312;59.755802154541016;-15.702999114990234
L08;43.941364288330078;69.197952270507812;-10.289096832275391;64.583541870117188;70.221153259277344;-23.78791618347168
L09;74.70343017578125;10.956466674804688;-4.5721769332885742;92.778343200683594;7.8625679016113281;-3.5175919532775879
L10;74.501167297363281;18.102138519287109;-6.6751360893249512;92.997482299804688;12.092113494873047;-5.1298618316650391
L11;74.979095458984375;24.532913208007812;-6.6084861755371094;92.750679016113281;12.932747840881348;-6.4940333366394043
L12;74.630905151367188;33.371864318847656;-8.1171875;92.136192321777344;14.501452445983887;-8.3084220886230469
L13;56.629379272460938;-27.324230194091797;-48.807262420654297;81.280654907226562;-38.096488952636719;-29.042482376098633
L14;40.371089935302734;81.328330993652344;-40.271389007568359;66.909919738769531;74.911949157714844;-49.821079254150391
L15;79.798721313476562;14.347285270690918;105.07205963134766;91.798896789550781;-5.3001046180725098;89.433998107910156
L16;12.052881240844727;2.322509765625;-1.5076100826263428;5.7975273132324219;2.1770298480987549;-1.3212412595748901
L17;40.250492095947266;62.581584930419922;38.847114562988281;57.355712890625;73.626426696777344;49.507968902587891
L18;43.397369384765625;-40.615798950195312;37.09063720703125;58.0322265625;-56.470481872558594;57.235969543457031
L19;6.1907825469970703;62.692760467529297;-88.241592407226562;36.887874603271484;40.360553741455078;-89.607963562011719
L20;13.150444030761719;1.1755675077438354;-4.2537450790405273;6.6524810791015625;1.0140762329101562;-4.5566649436950684
L21;14.3118896484375;4.3927135467529297;-4.8782825469970703;8.4880733489990234;5.5702848434448242;-6.2506465911865234
L22;18.446819305419922;11.767998695373535;-2.5768876075744629;16.935066223144531;19.523799896240234;-2.6022493839263916
HDR00;100;0;0;100;0;0
HDR01;200;0;0;200;0;0
GS00;99.850303649902344;2.2067129611968994;-1.8879055976867676;99.635330200195312;0.15160441398620605;-0.52685737609863281
GS01;94.116020202636719;3.1291842460632324;-3.7296414375305176;98.448722839355469;1.2989640235900879;-2.1671652793884277
GS02;89.869529724121094;3.2646059989929199;-3.3847212791442871;97.496818542480469;1.3431310653686523;-2.1596789360046387
GS03;85.378173828125;3.3429563045501709;-3.5170078277587891;96.128341674804688;1.367032527923584;-2.1830439567565918
GS04;80.754905700683594;3.0249357223510742;-3.882598876953125;94.28802490234375;1.3726949691772461;-2.2342324256896973
GS05;76.542678833007812;3.1732916831970215;-3.3340573310852051;92.207809448242188;1.5107095241546631;-2.2442460060119629
GS06;72.07916259765625;3.5117268562316895;-3.3543229103088379;89.576690673828125;1.6532540321350098;-2.2287607192993164
GS07;67.620414733886719;3.0994713306427002;-3.1131982803344727;86.257255554199219;1.5029013156890869;-2.2484421730041504
GS08;63.062873840332031;3.0248463153839111;-3.0163168907165527;82.513473510742188;1.8419027328491211;-2.3621201515197754
GS09;58.752578735351562;2.9246509075164795;-2.5065422058105469;78.499191284179688;2.6394128799438477;-2.46429443359375
GS10;54.510856628417969;2.8378069400787354;-3.0343413352966309;74.242988586425781;2.6952624320983887;-2.9487729072570801
GS11;50.177032470703125;3.4422874450683594;-3.0448436737060547;69.055404663085938;4.3358802795410156;-4.3240666389465332
GS12;46.104591369628906;3.3738017082214355;-2.6822805404663086;63.911834716796875;4.2567849159240723;-3.4881949424743652
GS13;42.164680480957031;3.3293962478637695;-2.6938796043395996;58.292694091796875;4.712432861328125;-4.0059089660644531
GS14;37.864963531494141;3.5004615783691406;-2.4019479751586914;51.729598999023438;5.3572654724121094;-3.5170078277587891
GS15;34.223125457763672;3.5306215286254883;-2.0843327045440674;45.619144439697266;5.7311954498291016;-3.3547043800354004
GS16;30.153274536132812;3.3654272556304932;-2.4065792560577393;38.732589721679688;5.5408477783203125;-3.7804305553436279
GS17;26.211875915527344;3.428339958190918;-2.4357199668884277;31.421188354492188;6.2951145172119141;-4.1593847274780273
GS18;22.344955444335938;2.9413847923278809;-2.2263050079345703;23.324504852294922;5.4194927215576172;-3.8793265819549561
GS19;18.817760467529297;2.8494298458099365;-2.0170629024505615;15.967483520507812;4.5558662414550781;-3.355252742767334
GS20;15.473793029785156;2.4959743022918701;-1.7188012599945068;9.5206241607666016;3.5812482833862305;-3.0388264656066895
GS21;14.23173713684082;2.2796690464019775;-1.8001675605773926;7.1719646453857422;2.1852030754089355;-1.775696873664856
GS22;13.183815002441406;2.0287485122680664;-1.4406859874725342;5.6035995483398438;1.3136863708496094;-1.4908671379089355
GS23;11.718791961669922;0.23218244314193726;-2.4762094020843506;4.0767345428466797;0.1224130392074585;-1.4973044395446777
