name;fuji X100T calibrated (hires)
description;calibrated against reference it8 (49 patches)
num_gray;24
patch;L_source;a_source;b_source;L_reference;a_reference;b_reference
A01;21.093559265136719;12.286528587341309;0.14517307281494141;19.349815368652344;11.752590179443359;3.2557010650634766
A02;21.929569244384766;22.436290740966797;3.2426178455352783;19.597942352294922;23.872493743896484;6.7588448524475098
A03;22.97271728515625;31.31920051574707;6.4431247711181641;19.96380615234375;34.254161834716797;10.006195068359375
A04;23.706325531005859;32.384483337402344;6.8622407913208008;20.828151702880859;35.465793609619141;10.788655281066895
A05;39.872806549072266;16.118362426757812;1.0219812393188477;39.121757507324219;14.783993721008301;3.9216697216033936
A06;40.291358947753906;29.723659515380859;5.6442379951477051;39.377414703369141;29.252365112304688;8.8212852478027344
A07;41.140102386474609;42.475284576416016;10.070830345153809;39.964950561523438;42.561813354492188;12.681924819946289
A08;42.232528686523438;59.132366180419922;15.150732040405273;40.097530364990234;59.220954895019531;17.326467514038086
A09;69.9248046875;9.4863471984863281;-1.5696287155151367;69.711212158203125;7.0341529846191406;2.1120905876159668
A10;70.103805541992188;15.518397331237793;0.37575960159301758;69.887916564941406;13.276487350463867;4.0032386779785156
A11;70.15869140625;22.299051284790039;2.780616283416748;69.923164367675781;20.42064094543457;6.213831901550293
A12;70.241371154785156;28.883665084838867;4.2216658592224121;69.866752624511719;26.986270904541016;7.6414108276367188
A13;92.117996215820312;-0.031888484954833984;-3.3463239669799805;91.675651550292969;-3.7345290184020996;1.2801647186279297
A14;90.752494812011719;5.8833656311035156;-4.6336770057678223;90.293830871582031;2.7307569980621338;-0.21361112594604492
A15;93.587554931640625;1.9746720790863037;-1.5254378318786621;92.653961181640625;-1.4782547950744629;3.0144333839416504
A16;92.270027160644531;3.1316876411437988;-3.577268123626709;91.215988159179688;-0.33050775527954102;0.83060264587402344
A17;93.5655517578125;2.7112066745758057;-1.1246204376220703;92.131423950195312;-0.8373558521270752;3.3395648002624512
A18;94.212387084960938;1.8628239631652832;-1.4267921447753906;92.477394104003906;-1.8100738525390625;3.0149936676025391
A19;90.396339416503906;2.7780830860137939;-6.7690849304199219;88.581001281738281;-0.80221891403198242;-2.6853680610656738
A20;16.276283264160156;7.7625961303710938;-0.33184289932250977;9.156951904296875;9.6460657119750977;2.383080005645752
A21;24.888069152832031;26.256174087524414;13.45490837097168;20.904701232910156;28.862148284912109;21.885812759399414
A22;32.431056976318359;41.647121429443359;24.125450134277344;29.056774139404297;43.185413360595703;34.506782531738281
B01;20.674411773681641;9.7939071655273438;4.0734472274780273;19.308132171630859;8.9926128387451172;7.8210296630859375
B02;21.680892944335938;17.508968353271484;9.6180915832519531;19.515613555908203;18.255636215209961;15.443462371826172
B03;22.895088195800781;24.296909332275391;14.601993560791016;20.440475463867188;26.479110717773438;22.970226287841797
B04;23.412540435791016;26.075691223144531;15.389627456665039;20.674106597900391;28.376132965087891;24.128236770629883
B05;40.055797576904297;16.707107543945312;9.1380481719970703;39.258407592773438;15.409588813781738;13.010811805725098
B06;40.530799865722656;27.711273193359375;18.753253936767578;39.580265045166016;27.350574493408203;23.757230758666992
B07;41.137981414794922;41.095046997070312;28.783571243286133;39.764900207519531;41.315467834472656;35.764736175537109
B08;42.227794647216797;55.48992919921875;37.563209533691406;39.931713104248047;56.168853759765625;48.721286773681641
B09;69.919029235839844;8.8238124847412109;1.8803715705871582;69.746612548828125;6.4542293548583984;5.6051850318908691
B10;70.158653259277344;14.477581024169922;7.1043014526367188;69.894966125488281;12.273788452148438;11.032236099243164
B11;70.296966552734375;19.816457748413086;12.512683868408203;69.930213928222656;17.969429016113281;16.27659797668457
B12;70.309410095214844;26.137531280517578;16.785072326660156;69.838516235351562;24.514436721801758;20.678865432739258
B13;89.847785949707031;-4.3492612838745117;-6.525111198425293;89.458404541015625;-8.5457563400268555;-1.9703269004821777
B14;87.914596557617188;10.135889053344727;-7.5851321220397949;87.548088073730469;7.3961915969848633;-3.3689379692077637
B15;92.348464965820312;1.3226866722106934;7.1313261985778809;91.414749145507812;-1.9788146018981934;11.701035499572754
B16;84.054046630859375;3.0124187469482422;-3.4872055053710938;83.067398071289062;-0.18972158432006836;0.72665214538574219
B17;87.242744445800781;10.068863868713379;1.0176539421081543;85.856208801269531;7.3499083518981934;5.0557732582092285
B18;89.914039611816406;-5.3438243865966797;2.9437065124511719;88.122329711914062;-9.3340578079223633;7.0399045944213867
B19;85.954048156738281;3.7675201892852783;-11.889636993408203;84.349571228027344;0.31784176826477051;-7.9408526420593262
B20;20.110965728759766;15.645459175109863;6.3715877532958984;15.275390625;18.142908096313477;13.120916366577148
B21;29.957416534423828;37.224903106689453;21.30274772644043;26.534492492675781;39.016246795654297;30.684625625610352
B22;58.789527893066406;24.113506317138672;18.126560211181641;56.812271118164062;21.963478088378906;21.448051452636719
C01;25.267993927001953;6.432011604309082;6.2233686447143555;24.417766571044922;4.3259263038635254;10.022002220153809
C02;25.608798980712891;9.3175020217895508;12.986868858337402;24.161346435546875;8.1023578643798828;18.34150505065918
C03;26.209884643554688;12.644529342651367;19.673067092895508;24.639488220214844;12.641474723815918;28.511445999145508
C04;26.978893280029297;12.878775596618652;20.139438629150391;25.106651306152344;12.807861328125;29.13055419921875
C05;54.86932373046875;10.644227027893066;16.263544082641602;54.36492919921875;8.9396839141845703;20.363117218017578
C06;55.236457824707031;18.738805770874023;34.794826507568359;54.584945678710938;17.828882217407227;40.158687591552734
C07;55.373870849609375;26.307313919067383;52.945648193359375;54.8035888671875;26.273906707763672;61.253364562988281
C08;55.276222229003906;30.550210952758789;62.038433074951172;54.85546875;31.048149108886719;72.938438415527344
C09;75.321090698242188;6.4830183982849121;5.9868812561035156;75.033393859863281;4.0574369430541992;10.019529342651367
C10;75.353805541992188;9.6923408508300781;15.319120407104492;75.020828247070312;7.7340898513793945;19.441068649291992
C11;75.211593627929688;13.938337326049805;23.88252067565918;74.882408142089844;12.206792831420898;27.994560241699219
C12;75.631317138671875;17.003684997558594;32.040534973144531;75.133758544921875;15.679091453552246;36.630462646484375
C13;86.784797668457031;-9.3958673477172852;-10.651790618896484;86.479248046875;-14.374762535095215;-6.2608122825622559
C14;83.115882873535156;17.091215133666992;-12.148594856262207;83.099205017089844;14.764904975891113;-8.2818393707275391
C15;90.846878051757812;0.93039870262145996;15.765523910522461;90.067718505859375;-1.9788742065429688;20.357345581054688
C16;76.093055725097656;3.2724738121032715;-3.5583853721618652;75.114952087402344;0.15372037887573242;0.15035867691040039
C17;81.38946533203125;16.422330856323242;4.3774843215942383;80.179664611816406;13.958454132080078;8.1768989562988281
C18;85.6768798828125;-11.074602127075195;7.4088931083679199;83.861534118652344;-15.542000770568848;11.301052093505859
C19;78.726570129394531;5.195826530456543;-20.02263069152832;77.549636840820312;2.0559728145599365;-16.192876815795898
C20;17.575019836425781;8.2003173828125;2.4262666702270508;11.823772430419922;8.9141950607299805;7.3586463928222656
C21;50.611106872558594;33.219814300537109;30.146503448486328;48.510589599609375;31.715482711791992;34.759719848632812
C22;65.174507141113281;17.835647583007812;15.13775634765625;63.069404602050781;15.619367599487305;18.121946334838867
D01;25.003795623779297;2.1536648273468018;5.8503627777099609;24.321987152099609;-0.56892633438110352;9.5856609344482422
D02;25.155101776123047;1.6278475522994995;12.711697578430176;24.064338684082031;-0.91047585010528564;18.174249649047852
D03;26.455478668212891;1.0375082492828369;19.61015510559082;24.952114105224609;-1.0109841823577881;27.603889465332031
D04;27.364967346191406;0.87389349937438965;20.279729843139648;25.832748413085938;-1.232534646987915;28.9481201171875
D05;59.831443786621094;1.975327730178833;16.413152694702148;59.306617736816406;-0.61842799186706543;20.173263549804688
D06;60.25506591796875;0.6084740161895752;35.301441192626953;59.871116638183594;-1.4133453369140625;40.166084289550781
D07;59.769927978515625;-0.98317861557006836;53.841579437255859;59.626327514648438;-1.873016357421875;60.040576934814453
D08;59.714248657226562;-3.146052360534668;70.499961853027344;59.862083435058594;-2.7247965335845947;76.949378967285156
D09;80.051170349121094;2.6541352272033691;6.8473577499389648;80.027580261230469;-0.14907121658325195;11.087465286254883
D10;79.963150024414062;1.765906810760498;17.166923522949219;79.869346618652344;-0.83443522453308105;21.493457794189453
D11;80.314735412597656;1.1689662933349609;27.365053176879883;80.117767333984375;-1.0937750339508057;31.719707489013672
D12;80.463714599609375;-1.0963678359985352;55.601383209228516;80.387306213378906;-2.1290779113769531;60.536396026611328
D13;83.378005981445312;-14.233261108398438;-15.063571929931641;83.252601623535156;-20.016223907470703;-10.755395889282227
D14;78.169158935546875;24.191677093505859;-16.60963249206543;78.502815246582031;22.125513076782227;-13.080131530761719
D15;89.326095581054688;1.0372698307037354;25.028217315673828;88.561973571777344;-1.5540122985839844;29.408073425292969
D16;67.893280029296875;2.9634237289428711;-3.3265471458435059;67.367103576660156;-0.17109513282775879;0.078725814819335938
D17;75.660301208496094;22.442489624023438;8.2878704071044922;74.597991943359375;20.203231811523438;11.596525192260742
D18;80.954154968261719;-16.638904571533203;11.742973327636719;79.099014282226562;-21.723300933837891;15.400242805480957
D19;71.113151550292969;6.6316127777099609;-27.996826171875;70.580612182617188;3.5305023193359375;-24.090898513793945
D20;40.616455078125;27.250185012817383;24.197370529174805;38.638080596923828;26.341094970703125;29.678827285766602
D21;54.444366455078125;10.040760040283203;11.321151733398438;52.641685485839844;7.5173377990722656;14.346992492675781
D22;69.161613464355469;12.909144401550293;15.663003921508789;67.111801147460938;10.487974166870117;18.729555130004883
E01;25.133037567138672;-1.9033253192901611;5.7243824005126953;24.544765472412109;-5.3570270538330078;9.6119222640991211
E02;25.159873962402344;-5.7088732719421387;12.317156791687012;24.031898498535156;-10.048821449279785;17.381149291992188
E03;26.751590728759766;-10.563358306884766;19.605987548828125;25.290573120117188;-15.637919425964355;26.997032165527344
E04;27.434047698974609;-10.665461540222168;19.886852264404297;25.802997589111328;-15.90256404876709;27.715625762939453
E05;44.772346496582031;-3.6358535289764404;10.292154312133789;44.144981384277344;-7.3434114456176758;14.167272567749023
E06;45.269847869873047;-10.938257217407227;23.043186187744141;44.47406005859375;-15.260637283325195;28.189218521118164
E07;45.294704437255859;-18.004045486450195;34.765285491943359;44.516727447509766;-22.840530395507812;41.569755554199219
E08;45.338512420654297;-24.833456039428711;44.701129913330078;44.644340515136719;-30.140295028686523;53.041225433349609
E09;70.196746826171875;-1.3191699981689453;4.5632243156433105;70.063888549804688;-4.4750871658325195;8.623779296875
E10;70.140144348144531;-5.0695538520812988;12.235128402709961;69.838516235351562;-8.4939298629760742;16.304624557495117
E11;70.301483154296875;-9.3414487838745117;19.327640533447266;69.937263488769531;-13.06745433807373;23.809837341308594
E12;70.620597839355469;-20.026891708374023;39.606548309326172;70.183151245117188;-24.115949630737305;44.411849975585938
E13;79.973831176757812;-18.093645095825195;-19.412267684936523;79.937225341796875;-24.992317199707031;-15.103017807006836
E14;72.844871520996094;31.854211807250977;-21.058130264282227;73.636817932128906;29.706537246704102;-17.77195930480957
E15;87.546539306640625;1.5111565589904785;34.880508422851562;86.957572937011719;-0.63028931617736816;38.902198791503906
E16;60.041053771972656;3.1132698059082031;-2.470707893371582;59.443962097167969;0.019848346710205078;0.65857172012329102
E17;69.916580200195312;28.557331085205078;12.715625762939453;68.874397277832031;26.491790771484375;15.960132598876953
E18;76.066574096679688;-21.421909332275391;16.651226043701172;74.311775207519531;-27.082145690917969;20.354927062988281
E19;63.429229736328125;9.1271696090698242;-35.62933349609375;63.549156188964844;6.1894359588623047;-31.698524475097656
E20;49.8604736328125;42.033912658691406;50.375938415527344;47.917388916015625;41.232646942138672;61.515735626220703
E21;46.104591369628906;22.491067886352539;34.210945129394531;44.173736572265625;21.273017883300781;40.489803314208984
E22;59.429931640625;22.578536987304688;31.001251220703125;57.51220703125;20.662069320678711;34.972171783447266
F01;15.700645446777344;-3.7662534713745117;-1.0158061981201172;14.115585327148438;-8.7061901092529297;1.9095182418823242
F02;16.317752838134766;-9.7361955642700195;1.9176900386810303;14.229911804199219;-18.429197311401367;5.5719704627990723
F03;17.967247009277344;-14.443829536437988;3.9443612098693848;15.275390625;-26.87042236328125;8.4431705474853516
F04;19.113655090332031;-15.181824684143066;4.1168985366821289;16.255294799804688;-28.557792663574219;8.9152927398681641
F05;35.154098510742188;-7.6504049301147461;1.1171996593475342;34.210933685302734;-12.931570053100586;4.4039192199707031
F06;35.383060455322266;-17.85413932800293;4.9252986907958984;34.128246307373047;-26.678890228271484;8.8722467422485352
F07;35.888565063476562;-26.634603500366211;8.2427139282226562;34.354984283447266;-40.286972045898438;12.986600875854492
F08;36.684577941894531;-34.026458740234375;12.248378753662109;34.559341430664062;-55.589511871337891;18.153064727783203
F09;69.510955810546875;-1.8032491207122803;-2.0974278450012207;69.852630615234375;-5.3427219390869141;1.9305706024169922
F10;69.680404663085938;-7.1393847465515137;0.094008445739746094;69.633224487304688;-11.283844947814941;4.0955662727355957
F11;70.155708312988281;-12.188375473022461;2.2164821624755859;70.014686584472656;-17.093927383422852;6.2593817710876465
F12;70.587677001953125;-26.683151245117188;7.6379895210266113;70.09197998046875;-34.702838897705078;11.907434463500977
F13;76.568687438964844;-21.41624641418457;-23.622299194335938;76.516036987304688;-29.50799560546875;-19.480918884277344
F14;67.615951538085938;39.433032989501953;-25.087797164916992;68.467979431152344;37.538467407226562;-22.420370101928711
F15;86.087165832519531;2.3961961269378662;43.269203186035156;85.519088745117188;0.65273046493530273;47.674476623535156
F16;52.395248413085938;3.4195482730865479;-2.7964472770690918;51.72393798828125;0.31626224517822266;0.084245204925537109
F17;64.602699279785156;34.458576202392578;15.808952331542969;63.475090026855469;32.690437316894531;19.122934341430664
F18;71.482490539550781;-25.528728485107422;19.864250183105469;69.668685913085938;-32.192348480224609;23.535287857055664
F19;55.567527770996094;12.03411865234375;-42.932140350341797;56.288017272949219;9.4014701843261719;-39.086105346679688
F20;58.241371154785156;10.926544189453125;17.682600021362305;56.76312255859375;8.6067619323730469;21.214305877685547
F21;63.946189880371094;17.77264404296875;30.413925170898438;61.955299377441406;15.734254837036133;33.959770202636719
F22;68.417152404785156;15.011220932006836;24.282062530517578;66.290214538574219;12.817441940307617;27.623188018798828
G01;20.162086486816406;-5.1014127731323242;-4.5668067932128906;19.140380859375;-10.517581939697266;-2.0179212093353271
G02;20.523540496826172;-11.431396484375;-6.2104225158691406;19.266342163085938;-19.867122650146484;-3.6430001258850098
G03;22.040267944335938;-16.34459114074707;-7.780158519744873;20.203689575195312;-29.590860366821289;-5.5647373199462891
G04;23.322681427001953;-17.149850845336914;-7.7276229858398438;21.282752990722656;-31.081766128540039;-5.3430500030517578
G05;39.631095886230469;-7.5538902282714844;-5.06463623046875;39.224300384521484;-12.66331958770752;-1.9540131092071533
G06;40.068801879882812;-16.475408554077148;-7.820338249206543;39.411323547363281;-24.555370330810547;-4.8129739761352539
G07;40.370059967041016;-25.106548309326172;-9.5659255981445312;39.495922088623047;-38.033367156982422;-6.339472770690918
G08;41.144210815429688;-31.474395751953125;-12.426841735839844;39.529682159423828;-52.401973724365234;-9.5298175811767578
G09;69.649002075195312;-2.6697814464569092;-4.5888066291809082;70.176139831542969;-6.3801107406616211;-0.66930055618286133
G10;69.500877380371094;-8.2953567504882812;-5.8944463729858398;69.838516235351562;-12.844980239868164;-1.8441200256347656
G11;69.745223999023438;-13.489664077758789;-6.9693326950073242;69.838516235351562;-18.945009231567383;-2.8453469276428223
G12;70.382179260253906;-27.63494873046875;-10.84907054901123;70.007652282714844;-37.344783782958984;-6.5936684608459473
G13;72.725059509277344;-24.175703048706055;-27.984476089477539;72.780227661132812;-33.670543670654297;-23.942708969116211
G14;62.206642150878906;47.063350677490234;-28.894317626953125;63.400886535644531;44.819206237792969;-26.605188369750977
G15;84.350975036621094;3.5950243473052979;52.369606018066406;84.007400512695312;2.2765100002288818;56.703067779541016
G16;44.607902526855469;3.4298598766326904;-2.8226256370544434;43.899688720703125;0.21326541900634766;-0.033676624298095703
G17;59.364486694335938;40.412574768066406;19.835412979125977;58.113685607910156;38.807632446289062;23.305356979370117
G18;66.6331787109375;-29.543966293334961;23.515569686889648;64.803657531738281;-37.167579650878906;27.308404922485352
G19;47.452220916748047;15.396803855895996;-50.086200714111328;48.809326171875;13.030946731567383;-46.273349761962891
G20;66.922943115234375;11.126727104187012;24.953901290893555;65.318344116210938;8.9276132583618164;28.60969352722168
G21;66.10186767578125;11.221588134765625;38.467361450195312;64.306556701660156;9.3660354614257812;42.085178375244141
G22;73.375755310058594;15.040010452270508;84.039527893066406;71.758430480957031;15.292376518249512;86.860603332519531
H01;20.160564422607422;-2.1616816520690918;-9.2053050994873047;19.308132171630859;-6.6086201667785645;-7.1088018417358398
H02;20.057655334472656;-6.0236601829528809;-15.53300666809082;19.308132171630859;-12.116328239440918;-13.950973510742188
H03;20.590198516845703;-9.275883674621582;-21.461360931396484;19.597942352294922;-18.153667449951172;-20.115106582641602
H04;21.972995758056641;-10.018989562988281;-23.710542678833008;20.904701232910156;-20.108356475830078;-22.725826263427734
H05;39.228931427001953;-3.1819045543670654;-12.248730659484863;39.138877868652344;-7.6282472610473633;-9.7052154541015625
H06;39.29022216796875;-9.6824321746826172;-20.556968688964844;39.258407592773438;-15.915602684020996;-17.983985900878906
H07;39.051433563232422;-14.791101455688477;-30.055660247802734;39.241363525390625;-23.446992874145508;-27.568519592285156
H08;39.365329742431641;-18.591939926147461;-39.886386871337891;39.224300384521484;-32.577484130859375;-37.624080657958984
H09;69.186065673828125;-1.1466145515441895;-8.8555450439453125;69.810256958007812;-4.576176643371582;-4.9683332443237305
H10;69.148941040039062;-4.7044754028320312;-13.212275505065918;69.789054870605469;-8.6779890060424805;-9.4642400741577148
H11;69.345176696777344;-8.5253124237060547;-18.322765350341797;69.986557006835938;-13.313799858093262;-14.58289623260498
H12;69.4180908203125;-16.557962417602539;-30.528568267822266;69.972465515136719;-23.315311431884766;-26.69569206237793
H13;69.236190795898438;-26.296436309814453;-31.769811630249023;69.24835205078125;-37.013740539550781;-27.912485122680664
H14;56.868370056152344;54.260879516601562;-32.013393402099609;58.151542663574219;52.167503356933594;-30.630958557128906
H15;82.690116882324219;5.013883113861084;61.959232330322266;82.512954711914062;4.3478608131408691;66.239273071289062
H16;37.153972625732422;3.6179871559143066;-2.4585127830505371;36.252422332763672;0.40145218372344971;0.19793510437011719
H17;54.419303894042969;45.849143981933594;24.18311882019043;53.036941528320312;44.406742095947266;27.525663375854492
H18;61.909194946289062;-32.853870391845703;27.505886077880859;60.069427490234375;-41.437210083007812;31.417989730834961
H19;39.414379119873047;19.863918304443359;-56.976753234863281;41.390148162841797;17.962499618530273;-52.994495391845703
H20;71.977752685546875;4.8577189445495605;31.796396255493164;70.267135620117188;2.7379393577575684;35.303176879882812
H21;64.929664611816406;3.1173527240753174;8.9321136474609375;63.160842895507812;0.25117397308349609;12.21005916595459
H22;70.375534057617188;-3.3678412437438965;39.553737640380859;68.160575866699219;-5.612492561340332;42.465461730957031
I01;24.6624755859375;3.6755204200744629;-13.882816314697266;24.449588775634766;0.59208273887634277;-12.089479446411133
I02;23.830371856689453;4.7091541290283203;-25.499517440795898;24.321987152099609;1.4240443706512451;-23.501825332641602
I03;23.176654815673828;5.884066104888916;-37.107448577880859;24.193580627441406;2.8179140090942383;-35.266380310058594
I04;21.977451324462891;8.4922466278076172;-57.053333282470703;24.321987152099609;4.3310971260070801;-54.058570861816406
I05;43.850921630859375;4.1365623474121094;-11.783706665039062;44.216823577880859;1.0278522968292236;-9.1316814422607422
I06;43.874900817871094;4.4669809341430664;-21.118556976318359;44.459823608398438;1.4992654323577881;-18.635440826416016
I07;43.515682220458984;5.0789413452148438;-30.488109588623047;44.715015411376953;2.0872652530670166;-28.028976440429688
I08;42.041713714599609;6.1602888107299805;-53.977931976318359;44.672634124755859;3.3833682537078857;-50.932384490966797
I09;69.216934204101562;3.2979846000671387;-8.1966991424560547;70.106033325195312;0.26398897171020508;-4.6792745590209961
I10;69.256050109863281;3.2897889614105225;-12.37281608581543;70.22515869140625;0.15732645988464355;-8.9730148315429688
I11;68.897773742675781;4.1935443878173828;-18.038581848144531;69.979507446289062;1.1849105358123779;-14.570653915405273
I12;68.817131042480469;4.3113827705383301;-28.224431991577148;70.197158813476562;1.2756288051605225;-24.730527877807617
I13;65.441726684570312;-27.794689178466797;-35.490619659423828;65.373382568359375;-39.846748352050781;-32.019256591796875
I14;51.403755187988281;61.494350433349609;-34.805274963378906;52.894737243652344;59.237361907958984;-34.229743957519531
I15;81.003974914550781;6.7873001098632812;71.300621032714844;80.982841491699219;6.6977443695068359;75.515609741210938
I16;29.834159851074219;3.5947709083557129;-2.2625625133514404;28.459323883056641;0.253334641456604;-0.03197789192199707
I17;49.636207580566406;50.843448638916016;28.268688201904297;48.082565307617188;49.725086212158203;32.397544860839844
I18;57.01397705078125;-35.728813171386719;30.689966201782227;55.144500732421875;-45.692832946777344;34.942806243896484
I19;31.061420440673828;25.785238265991211;-63.839931488037109;33.962047576904297;23.565664291381836;-59.417648315429688
I20;74.73687744140625;-4.2207241058349609;35.647178649902344;73.13531494140625;-6.7819952964782715;38.784778594970703
I21;46.746417999267578;-16.868709564208984;30.843908309936523;44.63018798828125;-21.738349914550781;35.516590118408203
I22;68.903724670410156;-20.181835174560547;21.353317260742188;66.535346984863281;-25.201082229614258;24.259876251220703
J01;15.45374870300293;8.6765880584716797;-13.539910316467285;14.343379974365234;7.2720499038696289;-12.975764274597168
J02;14.602394104003906;14.72325611114502;-25.57142448425293;14.623409271240234;13.584152221679688;-24.702983856201172
J03;13.085237503051758;21.948442459106445;-39.796455383300781;14.229911804199219;21.345005035400391;-38.917373657226562
J04;6.1880645751953125;51.255485534667969;-81.437347412109375;14.734001159667969;39.598880767822266;-70.906410217285156
J05;39.103809356689453;8.1323680877685547;-11.545604705810547;39.258407592773438;5.4862947463989258;-9.4696760177612305
J06;38.887992858886719;12.958229064941406;-20.884531021118164;39.613918304443359;11.024504661560059;-19.010734558105469
J07;38.462100982666016;17.930641174316406;-30.530149459838867;39.831745147705078;16.186460494995117;-28.658395767211914
J08;36.198440551757812;30.928596496582031;-56.243400573730469;39.764900207519531;29.316871643066406;-53.18951416015625
J09;69.145751953125;5.3536596298217773;-8.2538967132568359;70.183151245117188;2.4211108684539795;-4.7115921974182129
J10;68.9246826171875;8.2734823226928711;-12.574947357177734;70.063888549804688;5.4835677146911621;-9.2380638122558594
J11;69.042930603027344;10.523289680480957;-17.004919052124023;70.274124145507812;7.9624357223510742;-13.879585266113281
J12;68.563911437988281;15.679895401000977;-26.628637313842773;70.218162536621094;13.491779327392578;-23.513639450073242
J13;61.510536193847656;-28.334171295166016;-38.87677001953125;61.446876525878906;-41.795520782470703;-35.673904418945312
J14;46.1090087890625;67.940650939941406;-37.064968109130859;47.64874267578125;65.624710083007812;-37.210334777832031
J15;79.167205810546875;8.7470417022705078;80.94146728515625;79.357177734375;9.3729791641235352;84.760017395019531
J16;22.703022003173828;3.457874059677124;-1.9205152988433838;20.557723999023438;0.3827512264251709;-0.22745728492736816
J17;45.188518524169922;54.849773406982422;32.231117248535156;43.284942626953125;54.284870147705078;37.535762786865234
J18;52.022117614746094;-37.848651885986328;33.724510192871094;50.0849609375;-49.152297973632812;38.539512634277344
J19;22.444740295410156;33.652320861816406;-70.601615905761719;26.390205383300781;31.003995895385742;-65.355873107910156
J20;70.0321044921875;-19.840835571289062;13.593769073486328;68.314552307128906;-25.256156921386719;16.592681884765625
J21;36.086009979248047;-28.490348815917969;26.985830307006836;33.584011077880859;-39.489284515380859;33.609153747558594
J22;19.737335205078125;-9.8564472198486328;5.4019331932067871;15.486783981323242;-19.208005905151367;10.093948364257812
K01;24.848995208740234;14.50604248046875;-10.53367805480957;24.449588775634766;12.968659400939941;-8.9279413223266602
K02;24.237285614013672;27.835474014282227;-19.412750244140625;24.639488220214844;26.747465133666992;-18.153303146362305
K03;23.6373291015625;40.923343658447266;-28.432857513427734;24.607963562011719;40.002449035644531;-27.935768127441406
K04;23.606182098388672;49.632011413574219;-33.477241516113281;24.983116149902344;48.721103668212891;-33.608543395996094
K05;44.044654846191406;14.004111289978027;-10.284566879272461;44.559322357177734;11.823296546936035;-8.0320472717285156
K06;43.693023681640625;24.860441207885742;-17.525112152099609;44.573505401611328;23.393272399902344;-15.83656120300293
K07;43.487354278564453;35.956771850585938;-25.207626342773438;44.954067230224609;34.71624755859375;-23.761951446533203
K08;42.411121368408203;62.231151580810547;-42.015682220458984;44.883949279785156;60.059547424316406;-41.541778564453125
K09;69.228706359863281;9.2179775238037109;-7.1608662605285645;70.260139465332031;6.5189895629882812;-3.8878917694091797
K10;68.77490234375;14.938592910766602;-11.818254470825195;69.916114807128906;12.860864639282227;-8.9311962127685547
K11;68.915580749511719;21.420360565185547;-15.709424018859863;70.155113220214844;19.618928909301758;-12.989843368530273
K12;68.869186401367188;32.569080352783203;-23.575794219970703;70.357925415039062;31.152069091796875;-21.208560943603516
K13;57.429397583007812;-27.93815803527832;-42.036689758300781;57.319198608398438;-42.654632568359375;-39.1917724609375
K14;41.575027465820312;72.839706420898438;-37.933647155761719;43.032413482666016;70.554885864257812;-39.212574005126953
K15;77.139694213867188;10.981023788452148;90.439521789550781;77.496116638183594;12.246280670166016;93.145439147949219
K16;16.358963012695312;2.9184670448303223;-1.5684664249420166;13.290679931640625;-0.33587217330932617;0.10269284248352051
K17;41.154594421386719;57.677059173583984;35.367691040039062;38.949993133544922;57.486415863037109;43.102001190185547
K18;46.700958251953125;-38.964332580566406;35.580451965332031;44.771427154541016;-51.784873962402344;41.198890686035156
K19;14.055097579956055;44.003261566162109;-77.034996032714844;19.679885864257812;38.447231292724609;-69.783210754394531
K20;22.675689697265625;-6.5546331405639648;2.6658475399017334;19.92352294921875;-12.386486053466797;5.9458789825439453
K21;17.731880187988281;-4.9279632568359375;-2.212148904800415;14.000452041625977;-11.54179859161377;-0.2754509449005127
K22;19.374786376953125;-4.3725519180297852;-9.6997556686401367;15.798660278320312;-10.874300956726074;-9.3874568939208984
L01;20.523849487304688;13.732537269592285;-4.1061758995056152;19.349815368652344;12.867897987365723;-2.2291898727416992
L02;20.453170776367188;25.208950042724609;-5.209195613861084;19.391414642333984;25.447309494018555;-4.1202602386474609
L03;21.373207092285156;34.279106140136719;-5.2483139038085938;20.203689575195312;35.249309539794922;-5.2838144302368164
L04;22.27935791015625;36.449775695800781;-6.0292901992797852;21.394687652587891;37.1748046875;-5.7451543807983398
L05;39.296905517578125;17.168537139892578;-4.5753121376037598;39.445194244384766;15.474453926086426;-2.4553120136260986
L06;39.330528259277344;32.386005401611328;-6.6822052001953125;39.7481689453125;31.453401565551758;-5.1541805267333984
L07;39.680850982666016;47.815696716308594;-8.4744033813476562;40.114051818847656;47.083587646484375;-7.8172922134399414
L08;40.183917999267578;64.916252136230469;-9.4334602355957031;40.047882080078125;64.084503173828125;-10.612392425537109
L09;69.109970092773438;10.267316818237305;-3.9284944534301758;70.183151245117188;7.8746976852416992;-0.72976350784301758
L10;68.911468505859375;16.925542831420898;-5.8664083480834961;69.95135498046875;14.962106704711914;-2.7360081672668457
L11;69.346260070800781;23.086935043334961;-5.806267261505127;70.302070617675781;21.290510177612305;-2.9640793800354004
L12;69.084938049316406;31.440019607543945;-7.1902990341186523;70.084953308105469;29.817432403564453;-4.4947147369384766
L13;52.339927673339844;-26.035816192626953;-45.174705505371094;52.264152526855469;-41.932106018066406;-42.66357421875
L14;36.868618011474609;76.632736206054688;-37.923004150390625;38.074615478515625;74.566276550292969;-40.335037231445312
L15;73.99505615234375;13.761162757873535;99.70635986328125;74.667686462402344;15.736788749694824;100.12686157226562
L16;10.240879058837891;2.2043137550354004;-1.3566851615905762;5.3294486999511719;-0.35850703716278076;-0.62887072563171387
L17;36.792106628417969;59.14306640625;36.655826568603516;34.086799621582031;59.551582336425781;47.819969177246094
L18;39.968364715576172;-38.268283843994141;35.392276763916016;37.967647552490234;-53.000747680664062;42.021106719970703
L19;5.2300491333007812;57.812629699707031;-82.43719482421875;13.046178817749023;46.581581115722656;-72.367095947265625
L20;11.568153381347656;1.1795163154602051;-3.7737278938293457;6.4134025573730469;-1.8002614974975586;-3.09918212890625
L21;12.698457717895508;4.1887760162353516;-4.3387413024902344;7.5876884460449219;2.8190760612487793;-4.3377218246459961
L22;16.618701934814453;10.945185661315918;-2.0358383655548096;12.671360015869141;11.70228385925293;-0.83756446838378906
GS00;92.585929870605469;2.000957727432251;-0.98297595977783203;92.728813171386719;-1.4046728610992432;2.6784777641296387
GS01;87.193115234375;2.8861463069915771;-2.9133796691894531;87.256118774414062;-0.44775009155273438;0.60403347015380859
GS02;83.206977844238281;2.9914975166320801;-2.5839924812316895;83.178604125976562;-0.24253129959106445;0.75092315673828125
GS03;79.010543823242188;3.1571090221405029;-2.7741909027099609;79.116279602050781;0.060766935348510742;0.5870819091796875
GS04;74.580207824707031;2.9883682727813721;-3.2156109809875488;74.819366455078125;-0.20307302474975586;-0.056755542755126953
GS05;70.726005554199219;3.1135976314544678;-2.7709484100341797;71.001976013183594;-0.060230493545532227;0.33484697341918945
GS06;66.582290649414062;3.4148991107940674;-2.801978588104248;67.104263305664062;0.3242194652557373;0.22327899932861328
GS07;62.415519714355469;3.0764937400817871;-2.6533842086791992;62.92767333984375;0.028759241104125977;0.30502080917358398
GS08;58.215232849121094;3.0352473258972168;-2.5365233421325684;58.761466979980469;0.03477931022644043;0.29748678207397461
GS09;54.167945861816406;2.9312968254089355;-2.0795106887817383;54.699630737304688;-0.090658664703369141;0.62489509582519531
GS10;50.158279418945312;2.8818845748901367;-2.6023745536804199;50.5933837890625;-0.1188814640045166;0.091063976287841797
GS11;46.186275482177734;3.4077167510986328;-2.6732921600341797;46.497528076171875;0.35637617111206055;0.087630748748779297
GS12;42.433551788330078;3.2282769680023193;-2.2835016250610352;42.459880828857422;0.19192695617675781;0.21904706954956055
GS13;38.712638854980469;3.2109320163726807;-2.3266077041625977;38.463245391845703;0.16088783740997314;0.10170340538024902
GS14;34.692150115966797;3.406912088394165;-2.1684587001800537;34.354984283447266;0.48363208770751953;0.29125809669494629
GS15;31.273086547851562;3.405794620513916;-1.8231689929962158;30.640705108642578;0.45540928840637207;0.25994777679443359
GS16;27.464759826660156;3.2158045768737793;-2.0753026008605957;26.649219512939453;0.22894144058227539;0.0583648681640625
GS17;23.808162689208984;3.2578110694885254;-2.1563470363616943;22.40863037109375;0.47087669372558594;-0.3345191478729248
GS18;20.210845947265625;2.7706027030944824;-1.91802978515625;18.320842742919922;-0.14384090900421143;-0.21624565124511719
GS19;16.936580657958984;2.666085958480835;-1.6332030296325684;14.567815780639648;-0.11180341243743896;0.11161565780639648
GS20;13.920272827148438;2.4075956344604492;-1.2137770652770996;10.408969879150391;-0.25922060012817383;0.052788853645324707
GS21;12.932416915893555;2.2939145565032959;-1.1628448963165283;8.3941497802734375;-0.26275962591171265;-0.41337311267852783
GS22;12.193023681640625;2.1593718528747559;-0.50204694271087646;6.5037345886230469;-0.57438015937805176;-0.49223899841308594
GS23;11.182497024536133;0.80320984125137329;-1.0204344987869263;3.9745044708251953;-2.5943889617919922;-2.3985834121704102
