name;fuji velvia-like
description;fuji velvia-like colorchecker
num_gray;24
patch;L_source;a_source;b_source;L_reference;a_reference;b_reference
A01;20.775749206542969;6.8061056137084961;-5.3999958038330078;17.921772003173828;17.120733261108398;-13.85505199432373
A02;22.780704498291016;12.694626808166504;-3.6844074726104736;24.549453735351562;31.225412368774414;-6.9675979614257812
A03;24.087532043457031;18.070802688598633;-1.5526533126831055;29.798919677734375;41.96929931640625;0.83192586898803711
A04;24.585029602050781;19.065275192260742;-1.2446343898773193;31.458747863769531;43.901458740234375;1.5144944190979004
A05;35.698829650878906;10.494857788085938;-5.8166742324829102;48.229545593261719;19.75575065612793;-12.198459625244141
A06;35.780250549316406;20.670339584350586;-2.3683607578277588;49.883079528808594;36.688507080078125;-5.5634379386901855
A07;36.274265289306641;30.7916259765625;0.66480040550231934;52.347915649414062;50.622550964355469;0.37568807601928711
A08;36.823810577392578;44.450626373291016;4.3095769882202148;55.914787292480469;65.818992614746094;7.0850968360900879
A09;60.479873657226562;5.5965480804443359;-10.74988842010498;78.598060607910156;8.3430109024047852;-17.473077774047852
A10;60.610427856445312;10.437250137329102;-9.2138290405273438;79.063682556152344;15.450745582580566;-15.071654319763184
A11;60.732185363769531;16.0115966796875;-7.1536421775817871;79.445014953613281;23.917346954345703;-11.455559730529785
A12;60.881805419921875;21.460861206054688;-5.864405632019043;79.875389099121094;30.842214584350586;-9.3064193725585938
A13;80.457740783691406;-2.818763256072998;-14.464902877807617;97.003761291503906;-4.015505313873291;-4.5602560043334961
A14;79.231147766113281;2.3974776268005371;-15.869462966918945;96.486015319824219;-0.76025724411010742;-5.2621245384216309
A15;81.733711242675781;-1.285254955291748;-12.84681510925293;97.454368591308594;-2.2796094417572021;-3.8464784622192383
A16;80.678657531738281;-0.10192394256591797;-14.860021591186523;96.742637634277344;-1.5949606895446777;-4.89654541015625
A17;81.848335266113281;-0.6071925163269043;-12.679600715637207;96.819122314453125;-1.0976791381835938;-4.7707080841064453
A18;82.536659240722656;-1.4823973178863525;-12.846433639526367;97.275894165039062;-2.582848072052002;-4.1208624839782715
A19;79.195236206054688;-0.084400177001953125;-17.881656646728516;95.074913024902344;-3.003537654876709;-7.4301004409790039
A20;21.694610595703125;3.4493207931518555;-4.3106136322021484;18.274398803710938;9.6282062530517578;-11.785721778869629
A21;26.153244018554688;15.527352333068848;3.1816363334655762;30.802780151367188;37.430183410644531;12.823665618896484
A22;30.927646636962891;28.167680740356445;10.125249862670898;42.265708923339844;53.565261840820312;29.580093383789062
B01;19.657520294189453;5.3552389144897461;-2.5526523590087891;15.19462776184082;12.547418594360352;-5.5783629417419434
B02;22.277172088623047;9.4065961837768555;0.26468038558959961;22.279041290283203;24.463117599487305;3.8000226020812988
B03;23.808895111083984;13.508796691894531;2.8583228588104248;27.415824890136719;34.641040802001953;12.508702278137207
B04;24.306312561035156;14.489830017089844;3.3884942531585693;29.257686614990234;36.534996032714844;14.322954177856445
B05;35.844024658203125;10.342582702636719;0.81317424774169922;48.261482238769531;20.393341064453125;1.7396330833435059
B06;36.020599365234375;18.667741775512695;7.7499446868896484;49.864593505859375;33.806919097900391;17.923015594482422
B07;36.327869415283203;29.142379760742188;14.669209480285645;52.261749267578125;49.477397918701172;33.142055511474609
B08;37.014320373535156;40.745986938476562;20.638900756835938;55.710884094238281;63.107341766357422;43.303001403808594
B09;60.518379211425781;4.8305392265319824;-7.4638605117797852;78.741218566894531;7.1866216659545898;-11.380731582641602
B10;60.762916564941406;9.2229843139648438;-2.7441143989562988;79.007736206054688;14.010995864868164;-4.2144656181335449
B11;60.837615966796875;13.460636138916016;1.996302604675293;79.314750671386719;19.777149200439453;3.5521626472473145
B12;60.948051452636719;18.567770004272461;5.8366894721984863;79.519813537597656;26.852638244628906;9.1330289840698242
B13;78.4710693359375;-6.2161979675292969;-16.950439453125;96.053001403808594;-9.9677448272705078;-6.1142921447753906
B14;76.570846557617188;6.1332283020019531;-18.309520721435547;95.110748291015625;2.769768238067627;-7.248079776763916
B15;80.737930297851562;-2.4603605270385742;-4.3630361557006836;96.962738037109375;-2.2790431976318359;-2.459251880645752
B16;73.472259521484375;0.093370676040649414;-13.784623146057129;91.780776977539062;-1.536637544631958;-12.369573593139648
B17;76.132965087890625;5.6347551345825195;-10.120320320129395;93.717628479003906;5.6322517395019531;-9.1557025909423828
B18;78.90545654296875;-7.7025594711303711;-8.0052013397216797;94.93829345703125;-8.6386795043945312;-7.2195649147033691
B19;75.220191955566406;1.2951493263244629;-22.288726806640625;92.4945068359375;-3.7131309509277344;-11.334980010986328
B20;23.142009735107422;7.9849810600280762;-1.0730385780334473;22.493030548095703;20.855470657348633;-1.6417205333709717
B21;29.176715850830078;24.279550552368164;7.9382362365722656;39.10888671875;49.886821746826172;26.371932983398438
B22;51.853172302246094;16.809345245361328;7.1763396263122559;66.336166381835938;22.744953155517578;11.467159271240234
C01;21.905941009521484;3.3187568187713623;-0.44612884521484375;19.333358764648438;8.7729988098144531;-1.4706611633300781
C02;24.177890777587891;4.7461390495300293;2.7989447116851807;24.602756500244141;13.314530372619629;9.1863212585449219
C03;25.645999908447266;6.5071730613708496;6.498110294342041;28.691390991210938;19.270389556884766;21.089214324951172
C04;26.477855682373047;6.6524448394775391;6.8814334869384766;30.6873779296875;19.47346305847168;22.159051895141602
C05;47.441364288330078;5.7958364486694336;6.2176108360290527;63.427055358886719;7.9661312103271484;10.976862907409668
C06;47.748561859130859;11.744350433349609;21.209413528442383;64.166519165039062;17.072259902954102;37.355850219726562
C07;47.817867279052734;17.696619033813477;34.386009216308594;65.457504272460938;26.402355194091797;60.867519378662109
C08;47.730258941650391;21.160961151123047;39.958892822265625;66.229400634765625;32.707542419433594;67.856254577636719
C09;65.136497497558594;2.4741291999816895;-3.9103984832763672;84.163124084472656;3.6791861057281494;-6.2657833099365234
C10;65.278938293457031;4.7799944877624512;4.5505046844482422;83.806938171386719;7.359623908996582;7.0487022399902344
C11;65.177574157714844;7.9392790794372559;12.190723419189453;83.57501220703125;12.013941764831543;18.722665786743164
C12;65.590972900390625;10.203152656555176;19.539308547973633;84.014564514160156;14.789968490600586;30.748844146728516
C13;75.84332275390625;-10.121017456054688;-20.142436981201172;94.611015319824219;-17.534076690673828;-8.4336872100830078
C14;72.189826965332031;12.552558898925781;-22.425699234008789;92.189071655273438;9.3894596099853516;-11.515581130981445
C15;79.504104614257812;-3.1918883323669434;4.0481448173522949;96.280303955078125;-3.2274723052978516;4.073643684387207
C16;66.431907653808594;0.4609525203704834;-12.926673889160156;84.977806091308594;0.49218535423278809;-18.686603546142578
C17;70.896743774414062;10.85609245300293;-6.3966751098632812;89.028083801269531;14.224797248840332;-9.6656084060668945
C18;75.281639099121094;-12.514323234558105;-3.1903266906738281;92.002326965332031;-17.023056030273438;-4.0813088417053223
C19;68.801033020019531;3.3626258373260498;-29.220951080322266;86.692001342773438;-1.9631385803222656;-20.131063461303711
C20;21.671165466308594;3.597646951675415;-2.9223203659057617;18.322132110595703;9.3116312026977539;-8.3117246627807617
C21;44.754329681396484;23.689985275268555;17.116523742675781;59.267372131347656;34.702987670898438;31.283164978027344
C22;57.297897338867188;11.754095077514648;4.4714927673339844;71.6116943359375;16.27606201171875;6.1800837516784668
D01;20.996208190917969;0.23800134658813477;-0.11469721794128418;16.859790802001953;0.76326727867126465;-0.50812363624572754
D02;23.492218017578125;-0.29605627059936523;3.2142937183380127;22.402256011962891;-1.0633170604705811;8.9593648910522461
D03;25.573066711425781;-0.83287060260772705;6.8048534393310547;27.032131195068359;-1.7437785863876343;20.343393325805664
D04;26.659885406494141;-1.0354667901992798;7.2692098617553711;29.875911712646484;-2.5707335472106934;22.273605346679688
D05;51.565719604492188;-1.289665699005127;6.4764261245727539;67.806968688964844;-2.2988021373748779;10.270059585571289
D06;52.091537475585938;-3.0613541603088379;22.417963027954102;68.220207214355469;-5.0651130676269531;37.923465728759766
D07;51.807342529296875;-4.5607089996337891;36.481094360351562;68.672981262207031;-7.478177547454834;61.580722808837891
D08;51.858367919921875;-6.4448714256286621;47.239421844482422;69.64190673828125;-9.5070896148681641;70.599960327148438
D09;69.246788024902344;-0.88939070701599121;-3.4693002700805664;88.754920959472656;-1.1221766471862793;-5.1931858062744141
D10;69.361854553222656;-2.2684931755065918;6.194603443145752;88.335433959960938;-3.713458776473999;9.8951101303100586
D11;69.756431579589844;-3.1634867191314697;15.433656692504883;88.430511474609375;-5.1012039184570312;24.409591674804688
D12;70.135498046875;-5.8501958847045898;40.662239074707031;88.658843994140625;-8.4995031356811523;60.405384063720703
D13;72.889175415039062;-13.617247581481934;-23.858715057373047;92.917877197265625;-25.345443725585938;-11.129749298095703
D14;67.730155944824219;18.730222702026367;-26.236141204833984;88.253898620605469;18.409639358520508;-17.322254180908203
D15;78.072746276855469;-3.5176873207092285;12.87682056427002;95.220024108886719;-4.6164989471435547;16.04058837890625
D16;59.412368774414062;0.30919909477233887;-11.77365779876709;77.0836181640625;1.4468729496002197;-18.684375762939453
D17;65.801948547363281;15.849054336547852;-2.4858236312866211;83.776374816894531;22.491037368774414;-4.2241692543029785
D18;71.227302551269531;-17.234474182128906;1.543891429901123;88.345550537109375;-25.439470291137695;3.0552029609680176
D19;62.160781860351562;5.3716301918029785;-35.862316131591797;80.003021240234375;0.8004605770111084;-30.406486511230469
D20;36.846595764160156;18.429130554199219;12.08953857421875;49.043968200683594;34.008563995361328;28.279888153076172
D21;48.278770446777344;5.4438114166259766;2.2480964660644531;62.197944641113281;7.9038739204406738;3.8864970207214355
D22;60.781661987304688;7.4774923324584961;5.0188183784484863;74.808746337890625;10.889262199401855;6.9667816162109375
E01;20.451732635498047;-2.8226971626281738;0.33456683158874512;15.626764297485352;-6.97198486328125;1.3952910900115967
E02;22.852581024169922;-5.2765312194824219;3.5775363445281982;21.333610534667969;-13.938143730163574;10.703963279724121
E03;25.556095123291016;-8.1264820098876953;7.3614778518676758;27.643177032470703;-22.050201416015625;22.277938842773438
E04;26.659400939941406;-8.1089887619018555;7.5323524475097656;30.341983795166016;-22.663562774658203;22.972900390625
E05;39.450347900390625;-4.8235058784484863;2.3517966270446777;53.3165283203125;-10.281294822692871;5.3931593894958496
E06;40.043064117431641;-10.727703094482422;12.414675712585449;54.049087524414062;-22.960275650024414;27.769309997558594
E07;40.190990447998047;-16.145259857177734;20.805185317993164;54.88116455078125;-34.866065979003906;46.290142059326172
E08;40.414287567138672;-21.38897705078125;27.412229537963867;56.376533508300781;-45.343338012695312;55.951107025146484
E09;60.786460876464844;-3.8082301616668701;-4.4285058975219727;79.26776123046875;-4.8032703399658203;-7.2550296783447266
E10;60.877792358398438;-7.2670578956604004;2.637481689453125;79.226203918457031;-11.705696105957031;5.0908446311950684
E11;61.247703552246094;-11.165201187133789;9.2105865478515625;78.949974060058594;-16.968757629394531;14.50697135925293
E12;61.827919006347656;-20.505487442016602;27.36107063293457;79.481307983398438;-32.191188812255859;42.760993957519531
E13;69.978866577148438;-16.341178894042969;-27.2939453125;91.12921142578125;-30.396074295043945;-13.91599178314209
E14;62.906539916992188;25.734842300415039;-30.059110641479492;83.915351867675781;28.227775573730469;-23.807155609130859
E15;76.485145568847656;-3.4199059009552002;22.069799423217773;94.03057861328125;-5.254298210144043;31.490825653076172
E16;52.680412292480469;0.61398744583129883;-10.186635971069336;70.015411376953125;0.71424245834350586;-15.186822891235352
E17;60.765953063964844;20.787567138671875;2.0605206489562988;78.801834106445312;29.376775741577148;3.6572456359863281
E18;67.12725830078125;-21.182506561279297;6.7774534225463867;83.907028198242188;-31.651020050048828;12.437748908996582
E19;55.573097229003906;8.3356494903564453;-42.048763275146484;73.69793701171875;5.716860294342041;-40.199363708496094
E20;43.919559478759766;30.768512725830078;31.474559783935547;60.242889404296875;46.053142547607422;58.821784973144531
E21;41.269855499267578;14.710441589355469;19.917678833007812;54.281532287597656;25.294095993041992;42.598354339599609
E22;52.349334716796875;15.022486686706543;18.585359573364258;66.63287353515625;20.89744758605957;30.334186553955078
F01;12.627679824829102;-3.4138262271881104;-4.4296083450317383;3.5603961944580078;-1.7540678977966309;-4.8165054321289062
F02;16.125072479248047;-6.3918533325195312;-2.8490424156188965;8.7032146453857422;-8.4183511734008789;-4.7176542282104492
F03;19.660568237304688;-8.2290763854980469;-1.9099593162536621;16.156654357910156;-14.130480766296387;-3.0559420585632324
F04;21.462108612060547;-8.3581209182739258;-1.6994237899780273;20.512420654296875;-16.436725616455078;-2.4392187595367432
F05;32.125629425048828;-6.6636056900024414;-4.3507099151611328;42.708457946777344;-15.067190170288086;-9.7406749725341797
F06;32.534809112548828;-13.763338088989258;-1.1491894721984863;44.970001220703125;-30.280546188354492;0.24160146713256836
F07;33.132671356201172;-19.783676147460938;1.7003536224365234;48.102798461914062;-38.538665771484375;9.5828647613525391
F08;33.894107818603516;-24.918645858764648;5.0535917282104492;51.321464538574219;-44.058307647705078;20.393299102783203
F09;60.21026611328125;-3.9003491401672363;-10.451900482177734;79.538772583007812;-4.980623722076416;-16.699838638305664
F10;60.451492309570312;-8.2855815887451172;-8.3238716125488281;79.796798706054688;-11.863767623901367;-13.00971508026123
F11;61.118759155273438;-12.600749969482422;-6.1764001846313477;80.543571472167969;-18.49946403503418;-9.2344045639038086
F12;61.89715576171875;-24.629026412963867;-0.76483488082885742;81.582290649414062;-36.835880279541016;1.2780904769897461
F13;66.99969482421875;-18.442243576049805;-30.753505706787109;89.122489929199219;-33.741802215576172;-17.006027221679688
F14;58.162788391113281;32.344459533691406;-33.527610778808594;79.619888305664062;39.285121917724609;-30.281639099121094
F15;75.0894775390625;-3.0185878276824951;29.812204360961914;93.222076416015625;-6.0868263244628906;45.332099914550781
F16;46.329246520996094;0.96163153648376465;-9.7072362899780273;62.988525390625;1.8928945064544678;-15.564513206481934
F17;56.170097351074219;25.542646408081055;5.0659775733947754;74.645828247070312;36.268890380859375;8.8516826629638672
F18;63.265678405761719;-24.471431732177734;10.17303466796875;79.555992126464844;-36.265312194824219;16.739213943481445
F19;48.916793823242188;11.596709251403809;-47.919643402099609;68.040023803710938;9.5026788711547852;-49.115837097167969
F20;51.432693481445312;5.986332893371582;7.6370477676391602;66.058670043945312;8.0296401977539062;12.240325927734375
F21;56.158515930175781;11.010318756103516;18.311859130859375;70.757400512695312;16.070396423339844;28.164566040039062
F22;60.056877136230469;8.9796485900878906;12.749171257019043;74.237098693847656;12.438207626342773;18.69000244140625
G01;15.646867752075195;-4.5572071075439453;-7.6205434799194336;7.7505607604980469;-2.5062932968139648;-15.410346031188965
G02;17.953384399414062;-8.3194971084594727;-8.7271633148193359;14.234869003295898;-5.8959274291992188;-18.617666244506836
G03;21.553016662597656;-10.215192794799805;-9.6519231796264648;23.385204315185547;-9.4562921524047852;-21.609437942504883
G04;23.698871612548828;-10.347559928894043;-9.3028430938720703;28.520877838134766;-12.345298767089844;-21.851999282836914
G05;35.308082580566406;-6.6283941268920898;-9.7527265548706055;48.874488830566406;-12.920111656188965;-19.800912857055664
G06;35.925754547119141;-12.838870048522949;-11.787164688110352;52.070274353027344;-23.328422546386719;-21.351707458496094
G07;36.395309448242188;-18.788442611694336;-12.943208694458008;55.646018981933594;-28.433591842651367;-20.72700309753418
G08;37.230693817138672;-23.203611373901367;-15.041679382324219;59.512969970703125;-30.114620208740234;-21.578348159790039
G09;60.245193481445312;-4.4142904281616211;-12.653946876525879;79.912528991699219;-5.345761775970459;-20.614040374755859
G10;60.365638732910156;-8.8291168212890625;-13.680135726928711;80.169410705566406;-10.998993873596191;-21.850894927978516
G11;60.61968994140625;-13.00486946105957;-14.541828155517578;81.070388793945312;-16.997634887695312;-23.073112487792969
G12;61.595619201660156;-24.166942596435547;-17.610931396484375;83.519828796386719;-32.025665283203125;-25.454103469848633
G13;63.6878662109375;-20.032136917114258;-34.318458557128906;86.474937438964844;-35.975189208984375;-21.06126594543457
G14;53.27642822265625;39.126308441162109;-36.691810607910156;75.742179870605469;47.265083312988281;-36.235282897949219
G15;73.575630187988281;-2.1027028560638428;37.879898071289062;91.799476623535156;-3.72353196144104;56.536495208740234
G16;39.916519165039062;1.0468065738677979;-8.8745298385620117;54.953529357910156;2.1992027759552002;-16.198873519897461
G17;51.559043884277344;30.420303344726562;8.7901706695556641;70.439605712890625;43.03607177734375;14.831745147705078
G18;59.072860717773438;-27.329952239990234;13.716400146484375;75.327392578125;-42.283744812011719;22.586654663085938
G19;42.157623291015625;15.160918235778809;-53.402103424072266;61.708892822265625;14.826833724975586;-59.205101013183594
G20;58.780181884765625;5.7493743896484375;13.630938529968262;73.658126831054688;7.5232686996459961;20.023298263549805
G21;58.150222778320312;5.4307279586791992;25.379121780395508;72.35992431640625;7.7113809585571289;38.408683776855469
G22;64.303665161132812;7.8008770942687988;61.429149627685547;79.501899719238281;14.308124542236328;79.394805908203125
H01;15.20826530456543;-1.9120275974273682;-11.930399894714355;8.0513515472412109;4.9443693161010742;-25.542518615722656
H02;16.704509735107422;-4.1798801422119141;-16.778314590454102;14.124425888061523;9.5053615570068359;-38.229770660400391
H03;19.725311279296875;-5.1295161247253418;-20.54034423828125;23.27227783203125;10.624423980712891;-47.810680389404297
H04;22.332553863525391;-5.2319469451904297;-21.60865592956543;29.755306243896484;8.2510414123535156;-50.844581604003906
H05;34.798290252685547;-3.0431449413299561;-15.916675567626953;49.132316589355469;-4.5204758644104004;-31.340957641601562
H06;35.006080627441406;-6.9949922561645508;-22.890567779541016;51.9449462890625;-9.6027555465698242;-41.128253936767578
H07;35.093654632568359;-9.7586212158203125;-30.983675003051758;56.024940490722656;-10.089278221130371;-50.010047912597656
H08;35.501487731933594;-11.550918579101562;-39.484626770019531;60.879173278808594;-7.5556039810180664;-58.001922607421875
H09;59.608848571777344;-2.6412606239318848;-16.714715957641602;79.604103088378906;-1.8790364265441895;-27.037883758544922
H10;59.807655334472656;-5.2148399353027344;-20.640586853027344;80.241798400878906;-6.0431661605834961;-30.151187896728516
H11;60.121223449707031;-7.8956184387207031;-25.404632568359375;80.929183959960938;-12.351692199707031;-29.189849853515625
H12;60.417427062988281;-13.322382926940918;-36.4359130859375;82.568458557128906;-26.253105163574219;-26.883338928222656
H13;60.574440002441406;-21.027565002441406;-37.352466583251953;84.335029602050781;-37.778438568115234;-24.35346794128418
H14;48.605369567871094;45.505641937255859;-39.241432189941406;72.149772644042969;54.837314605712891;-41.803443908691406
H15;72.029693603515625;-0.89335441589355469;45.991302490234375;90.319610595703125;-1.129448413848877;66.010261535644531
H16;34.088695526123047;1.3204514980316162;-7.7557029724121094;46.063053131103516;3.3367276191711426;-16.823101043701172
H17;47.291728973388672;34.779964447021484;12.537199020385742;66.258071899414062;49.386173248291016;21.665836334228516
H18;55.041160583496094;-29.464244842529297;17.301368713378906;71.328681945800781;-48.500953674316406;29.235017776489258
H19;35.497802734375;19.704208374023438;-58.467048645019531;55.327178955078125;21.266578674316406;-69.492874145507812
H20;63.114341735839844;0.18864870071411133;19.609569549560547;77.708610534667969;0.61714649200439453;28.473997116088867
H21;57.11212158203125;-0.042855739593505859;-0.52869319915771484;71.621170043945312;0.25731325149536133;-0.98605155944824219
H22;62.054580688476562;-6.8237185478210449;26.490127563476562;75.231819152832031;-9.6369380950927734;38.772010803222656
I01;18.661464691162109;2.933934211730957;-16.879993438720703;16.471977233886719;16.323358535766602;-42.900131225585938
I02;18.868480682373047;4.6857447624206543;-27.004337310791016;22.605129241943359;26.74351692199707;-63.136863708496094
I03;20.374210357666016;6.2130541801452637;-35.683124542236328;30.792366027832031;31.520605087280273;-76.944229125976562
I04;21.435314178466797;9.7862033843994141;-51.0841064453125;40.391181945800781;35.630374908447266;-91.022216796875
I05;38.029407501220703;2.2257566452026367;-16.440231323242188;53.702667236328125;5.1091313362121582;-29.813396453857422
I06;38.184967041015625;3.2216458320617676;-24.704200744628906;55.628707885742188;6.5909624099731445;-41.511989593505859
I07;38.031745910644531;4.4811515808105469;-33.024524688720703;57.135536193847656;9.1432933807373047;-53.010524749755859
I08;36.834049224853516;8.3138790130615234;-54.707126617431641;59.217536926269531;4.8696098327636719;-63.350105285644531
I09;59.583938598632812;0.80841779708862305;-16.237401962280273;79.599937438964844;2.7608573436737061;-27.193618774414062
I10;59.729049682617188;1.1687576770782471;-20.183300018310547;80.148323059082031;2.4368166923522949;-30.152297973632812
I11;59.47845458984375;2.387315034866333;-25.487386703491211;79.889297485351562;1.8964707851409912;-30.564510345458984
I12;59.491615295410156;3.5312473773956299;-35.184299468994141;80.347488403320312;-2.2456347942352295;-29.923175811767578
I13;57.31060791015625;-21.571994781494141;-40.110324859619141;81.444053649902344;-36.979080200195312;-28.774965286254883
I14;43.796035766601562;51.713676452636719;-41.376186370849609;68.320632934570312;62.493534088134766;-47.80328369140625
I15;70.463394165039062;0.5582273006439209;53.623569488525391;88.730682373046875;1.7645061016082764;74.685714721679688
I16;28.615390777587891;1.3038367033004761;-6.950688362121582;35.869373321533203;4.3007135391235352;-18.141895294189453
I17;43.258262634277344;38.553058624267578;15.692996978759766;62.088935852050781;55.9794921875;28.320693969726562
I18;50.915351867675781;-31.311929702758789;20.084720611572266;67.957221984863281;-55.056930541992188;37.797367095947266
I19;29.082298278808594;24.421989440917969;-62.644153594970703;48.566398620605469;30.033349990844727;-80.507766723632812
I20;65.740936279296875;-7.650911808013916;23.217927932739258;80.131965637207031;-11.716365814208984;33.910549163818359
I21;42.330253601074219;-15.707239151000977;18.97125244140625;54.18096923828125;-32.620250701904297;41.144741058349609
I22;61.124656677246094;-19.913942337036133;11.210346221923828;74.513969421386719;-28.893768310546875;17.133474349975586
J01;10.770841598510742;7.1835966110229492;-15.76220703125;3.7835159301757812;9.7278432846069336;-24.832481384277344
J02;10.817132949829102;12.528755187988281;-26.20326042175293;8.6035423278808594;28.184108734130859;-49.303474426269531
J03;12.407913208007812;16.907476425170898;-36.156307220458984;17.706977844238281;41.711883544921875;-72.277336120605469
J04;11.643980026245117;33.800029754638672;-65.454696655273438;32.270652770996094;60.844837188720703;-107.50142669677734
J05;34.0009765625;5.1767973899841309;-15.78565788269043;47.670089721679688;11.250913619995117;-31.803083419799805
J06;34.034271240234375;9.534642219543457;-23.989767074584961;49.732025146484375;18.561065673828125;-44.263301849365234
J07;33.733634948730469;14.152571678161621;-32.65948486328125;51.522941589355469;25.413692474365234;-55.770290374755859
J08;31.582130432128906;27.174636840820312;-56.348663330078125;53.094398498535156;35.016624450683594;-72.994522094726562
J09;59.382484436035156;2.4375617504119873;-16.311286926269531;79.36083984375;4.5699477195739746;-26.751888275146484
J10;59.280723571777344;5.1752924919128418;-20.53123664855957;79.78515625;8.3080234527587891;-30.614662170410156
J11;59.425483703613281;7.4130592346191406;-24.842666625976562;80.022041320800781;8.9032354354858398;-30.235015869140625
J12;58.993965148925781;12.61436939239502;-34.062957763671875;79.766700744628906;11.909872055053711;-30.579017639160156
J13;53.963088989257812;-21.387458801269531;-42.633533477783203;79.534858703613281;-35.621376037597656;-31.699275970458984
J14;39.339935302734375;56.868896484375;-42.700618743896484;64.579971313476562;69.884063720703125;-53.720867156982422
J15;68.770088195800781;2.2635459899902344;60.998523712158203;86.997543334960938;4.3247642517089844;80.841133117675781
J16;23.742214202880859;1.1923313140869141;-6.0473384857177734;25.547672271728516;4.5458674430847168;-18.213813781738281
J17;39.539913177490234;41.369541168212891;18.179576873779297;58.209312438964844;61.883182525634766;35.983413696289062
J18;46.731830596923828;-32.183185577392578;22.275321960449219;64.68133544921875;-58.249355316162109;46.646671295166016
J19;22.919460296630859;29.42529296875;-65.903160095214844;41.624183654785156;41.326419830322266;-91.935569763183594
J20;61.932632446289062;-19.323230743408203;4.3022990226745605;77.012680053710938;-28.117328643798828;7.4529051780700684
J21;34.065906524658203;-21.882862091064453;14.899290084838867;45.123489379882812;-45.700462341308594;41.849388122558594
J22;22.884635925292969;-6.0246138572692871;-0.82702040672302246;19.275474548339844;-13.466477394104004;-0.64227581024169922
K01;18.290180206298828;11.68060302734375;-14.399349212646484;16.135189056396484;27.813240051269531;-35.203342437744141
K02;17.921455383300781;23.205280303955078;-22.76527214050293;23.591594696044922;46.668617248535156;-50.917755126953125
K03;18.514377593994141;33.226863861083984;-30.573898315429688;32.110546112060547;60.017719268798828;-64.030036926269531
K04;20.490383148193359;37.70001220703125;-33.914871215820312;37.54901123046875;65.595718383789062;-67.94677734375
K05;37.548988342285156;9.6516017913818359;-15.413713455200195;53.015876770019531;17.2449951171875;-27.567493438720703
K06;37.370067596435547;18.552377700805664;-22.055942535400391;54.754646301269531;30.544549942016602;-37.931285858154297
K07;37.256511688232422;28.070344924926758;-29.338186264038086;56.891311645507812;42.775749206542969;-47.720729827880859
K08;35.763233184814453;51.257072448730469;-45.739509582519531;60.021034240722656;64.932731628417969;-61.234535217285156
K09;59.205841064453125;5.6396126747131348;-15.42009162902832;79.044021606445312;9.2057590484619141;-24.883449554443359
K10;58.821891784667969;10.767549514770508;-19.965494155883789;79.331779479980469;16.269535064697266;-31.175363540649414
K11;59.034225463867188;16.428619384765625;-23.858715057373047;79.701057434082031;22.986352920532227;-30.47637939453125
K12;58.863670349121094;26.502401351928711;-31.787227630615234;80.46405029296875;31.449436187744141;-29.117954254150391
K13;50.444869995117188;-20.464479446411133;-44.853294372558594;76.179862976074219;-30.726968765258789;-36.836837768554688
K14;35.440299987792969;60.529022216796875;-42.941139221191406;60.980361938476562;75.703529357910156;-59.486972808837891
K15;66.805229187011719;4.1894617080688477;67.296073913574219;85.074752807617188;7.700592041015625;83.993064880371094
K16;19.907039642333984;0.70948898792266846;-5.1468076705932617;16.584678649902344;2.390056848526001;-13.736522674560547
K17;36.247032165527344;43.187870025634766;19.800186157226562;54.70721435546875;66.472412109375;42.517585754394531
K18;42.319438934326172;-32.054588317871094;23.093288421630859;60.777580261230469;-57.594863891601562;53.44775390625
K19;17.939670562744141;33.305286407470703;-67.082420349121094;36.188884735107422;52.552238464355469;-100.95524597167969
K20;24.190658569335938;-4.8625764846801758;-2.6768386363983154;23.35540771484375;-11.015892028808594;-6.7194881439208984
K21;21.449714660644531;-3.0906796455383301;-5.3594112396240234;17.324886322021484;-5.0198287963867188;-13.309181213378906
K22;22.631481170654297;-2.5515704154968262;-10.490697860717773;20.704158782958984;0.41496753692626953;-27.293146133422852
L01;14.524663925170898;10.598525047302246;-8.0049877166748047;7.4044399261474609;17.90974235534668;-13.898002624511719
L02;14.610431671142578;20.036935806274414;-9.3397617340087891;13.421039581298828;32.428443908691406;-12.259393692016602
L03;16.268398284912109;26.513607025146484;-9.7064676284790039;21.799472808837891;44.100360870361328;-10.807514190673828
L04;19.227104187011719;25.633871078491211;-10.2015380859375;27.100963592529297;48.776268005371094;-17.745399475097656
L05;33.456932067871094;11.803269386291504;-10.084504127502441;46.216068267822266;23.932277679443359;-22.118461608886719
L06;33.708850860595703;23.519798278808594;-12.211984634399414;49.074272155761719;41.885673522949219;-25.14643669128418
L07;34.028800964355469;35.870162963867188;-14.225029945373535;52.200653076171875;57.275264739990234;-28.196943283081055
L08;34.22247314453125;50.098598480224609;-15.706562995910645;56.102226257324219;72.473915100097656;-29.549671173095703
L09;58.923049926757812;6.4018068313598633;-12.357854843139648;78.291633605957031;10.046839714050293;-20.228504180908203
L10;58.844894409179688;12.012153625488281;-14.374410629272461;78.793968200683594;18.195182800292969;-22.993446350097656
L11;59.295417785644531;17.004371643066406;-14.49078369140625;79.628158569335938;25.876491546630859;-23.200178146362305
L12;59.082138061523438;24.304925918579102;-16.178762435913086;80.114578247070312;35.176128387451172;-25.519252777099609
L13;46.108932495117188;-18.149896621704102;-46.861957550048828;71.523643493652344;-23.586273193359375;-44.036365509033203
L14;31.683586120605469;62.859058380126953;-42.088771820068359;57.740470886230469;80.934913635253906;-64.715255737304688
L15;63.978019714355469;6.6366791725158691;71.921905517578125;82.400558471679688;13.016611099243164;83.286231994628906
L16;16.821193695068359;0.18379092216491699;-4.5328083038330078;9.7989597320556641;1.1129305362701416;-10.584345817565918
L17;32.746826171875;43.638214111328125;19.36207389831543;51.09112548828125;69.342765808105469;46.126182556152344
L18;36.800323486328125;-29.940948486328125;21.515632629394531;53.482490539550781;-52.860603332519531;52.903968811035156
L19;13.948066711425781;35.003097534179688;-65.090194702148438;32.67095947265625;60.887485504150391;-106.82586669921875
L20;17.985996246337891;0.11137127876281738;-5.8836040496826172;10.567695617675781;1.6494467258453369;-13.795328140258789
L21;18.788654327392578;1.4808923006057739;-6.1843099594116211;11.680879592895508;4.4219493865966797;-15.150040626525879
L22;20.948081970214844;5.1582903861999512;-5.4130673408508301;16.044498443603516;12.497469902038574;-13.889640808105469
HDR00;100;0;0;100;0;0
HDR01;200;0;0;200;0;0
GS00;75.558219909667969;-1.1809468269348145;-12.139558792114258;91.107864379882812;-2.6690065860748291;-12.981689453125
GS01;71.330207824707031;-0.10320544242858887;-13.117849349975586;87.368736267089844;0.24902820587158203;-17.891693115234375
GS02;68.246009826660156;0.058859586715698242;-12.33518123626709;84.586929321289062;0.5843043327331543;-18.281888961791992
GS03;65.033035278320312;0.28342008590698242;-12.013721466064453;81.703414916992188;0.77319145202636719;-18.466354370117188
GS04;61.644668579101562;0.2492070198059082;-11.956871032714844;78.517097473144531;0.83833932876586914;-18.585681915283203
GS05;58.799491882324219;0.3731846809387207;-11.129796981811523;75.970108032226562;0.93218684196472168;-16.899930953979492
GS06;55.713493347167969;0.65553188323974609;-10.756206512451172;72.819442749023438;1.3833045959472656;-16.13311767578125
GS07;52.489700317382812;0.41976571083068848;-10.079610824584961;69.862091064453125;0.6618499755859375;-15.106332778930664
GS08;49.159820556640625;0.4672706127166748;-9.6320390701293945;66.466636657714844;0.61428546905517578;-14.918828010559082
GS09;46.018573760986328;0.45567750930786133;-8.9158897399902344;62.930328369140625;0.48726797103881836;-14.336908340454102
GS10;42.908470153808594;0.50893425941467285;-8.9347248077392578;59.235160827636719;0.86265802383422852;-15.582823753356934
GS11;39.828136444091797;0.98106265068054199;-8.5598106384277344;55.079673767089844;2.1151304244995117;-15.932917594909668
GS12;36.933040618896484;0.97151100635528564;-7.9441843032836914;50.719764709472656;2.4322867393493652;-16.231441497802734
GS13;34.153285980224609;1.0249614715576172;-7.7039003372192383;46.188846588134766;2.3779869079589844;-16.582525253295898
GS14;31.198745727539062;1.1439025402069092;-7.137298583984375;40.4813232421875;3.4514813423156738;-17.420494079589844
GS15;28.769954681396484;1.1824220418930054;-6.6056489944458008;35.374008178710938;3.7713050842285156;-17.413688659667969
GS16;26.200611114501953;0.99709630012512207;-6.4112844467163086;29.520298004150391;3.849416971206665;-18.282688140869141
GS17;23.815135955810547;1.0476559400558472;-6.1872601509094238;23.827945709228516;4.4031438827514648;-18.351608276367188
GS18;21.676715850830078;0.77453255653381348;-5.7422933578491211;18.356540679931641;3.5199522972106934;-16.238571166992188
GS19;19.933509826660156;0.65226852893829346;-5.1894369125366211;14.092914581298828;2.2661538124084473;-13.474434852600098
GS20;18.59368896484375;0.50488114356994629;-4.6544733047485352;10.85850715637207;2.2559537887573242;-11.398914337158203
GS21;18.452671051025391;0.45903027057647705;-4.3797612190246582;10.091379165649414;2.1139085292816162;-10.244205474853516
GS22;18.475383758544922;0.45150518417358398;-3.8387060165405273;9.7748870849609375;2.1471903324127197;-9.0149250030517578
GS23;18.321426391601562;0.004291534423828125;-3.8881957530975342;9.3458690643310547;1.1592433452606201;-8.6836843490600586
